{
"type": "FeatureCollection",
"name": "nam_fmd_4326",
"crs": { "type": "name", "properties": { "name": "urn:ogc:def:crs:OGC:1.3:CRS84" } },
"features": [
{ "type": "Feature", "properties": { "Event_ID": 406, "OIE_Reference": "EVT-406", "Country": "Namibia", "Country_ISO": "NAM", "Disease": "Foot and mouth disease ", "Disease_ID": 437, "Subtype": null, "Causal_Agent": "Foot and mouth disease virus", "Event_Status": "Resolved", "Event_Start_Date": "2007-11-07", "Event_End_Date": "2008-12-01", "Confirmation_Date": "2007-11-14", "Report_ID": 2344, "Report_Date": "2009-04-05", "Outbreak_ID": 11945, "Outbreak_Start_Date": "2008-11-01", "Outbreak_End_Date": "2008-12-01", "Latitude": -17.72426, "Longitude": 25.10769, "Locality": "Kalala", "Epi_Unit_Type": "Village", "Admin_Division_1": "Caprivi (2005-2013)", "Admin_Division_2": null, "Admin_Division_3": null, "Affected_Population_Description": null, "Species_Name": "Cattle", "Is_Wild": false, "Susceptible": 1892, "Cases": 47, "Deaths": false, "Killed": false, "Slaughtered": false, "Vaccinated": null, "outbreakYear": 2007 }, "geometry": { "type": "Point", "coordinates": [ 25.10769, -17.72426 ] } },
{ "type": "Feature", "properties": { "Event_ID": 406, "OIE_Reference": "EVT-406", "Country": "Namibia", "Country_ISO": "NAM", "Disease": "Foot and mouth disease ", "Disease_ID": 437, "Subtype": null, "Causal_Agent": "Foot and mouth disease virus", "Event_Status": "Resolved", "Event_Start_Date": "2007-11-07", "Event_End_Date": "2008-12-01", "Confirmation_Date": "2007-11-14", "Report_ID": 2344, "Report_Date": "2009-04-05", "Outbreak_ID": 11944, "Outbreak_Start_Date": "2008-10-22", "Outbreak_End_Date": "2008-12-01", "Latitude": -17.8097, "Longitude": 25.10751, "Locality": "Kasika", "Epi_Unit_Type": "Village", "Admin_Division_1": "Caprivi (2005-2013)", "Admin_Division_2": null, "Admin_Division_3": null, "Affected_Population_Description": null, "Species_Name": "Cattle", "Is_Wild": false, "Susceptible": 2074, "Cases": 522, "Deaths": false, "Killed": false, "Slaughtered": false, "Vaccinated": null, "outbreakYear": 2007 }, "geometry": { "type": "Point", "coordinates": [ 25.10751, -17.8097 ] } },
{ "type": "Feature", "properties": { "Event_ID": 406, "OIE_Reference": "EVT-406", "Country": "Namibia", "Country_ISO": "NAM", "Disease": "Foot and mouth disease ", "Disease_ID": 437, "Subtype": null, "Causal_Agent": "Foot and mouth disease virus", "Event_Status": "Resolved", "Event_Start_Date": "2007-11-07", "Event_End_Date": "2008-12-01", "Confirmation_Date": "2007-11-14", "Report_ID": 2344, "Report_Date": "2009-04-05", "Outbreak_ID": 11943, "Outbreak_Start_Date": "2008-07-18", "Outbreak_End_Date": "2008-08-22", "Latitude": -17.96, "Longitude": 24.46, "Locality": "Mahundu", "Epi_Unit_Type": "Village", "Admin_Division_1": "Caprivi (2005-2013)", "Admin_Division_2": null, "Admin_Division_3": null, "Affected_Population_Description": null, "Species_Name": "Cattle", "Is_Wild": false, "Susceptible": 1450, "Cases": 64, "Deaths": false, "Killed": false, "Slaughtered": false, "Vaccinated": null, "outbreakYear": 2007 }, "geometry": { "type": "Point", "coordinates": [ 24.46, -17.96 ] } },
{ "type": "Feature", "properties": { "Event_ID": 406, "OIE_Reference": "EVT-406", "Country": "Namibia", "Country_ISO": "NAM", "Disease": "Foot and mouth disease ", "Disease_ID": 437, "Subtype": null, "Causal_Agent": "Foot and mouth disease virus", "Event_Status": "Resolved", "Event_Start_Date": "2007-11-07", "Event_End_Date": "2008-12-01", "Confirmation_Date": "2007-11-14", "Report_ID": 2344, "Report_Date": "2009-04-05", "Outbreak_ID": 11942, "Outbreak_Start_Date": "2008-07-15", "Outbreak_End_Date": "2008-08-21", "Latitude": -17.8097, "Longitude": 24.44, "Locality": "Zilitene", "Epi_Unit_Type": "Village", "Admin_Division_1": "Caprivi (2005-2013)", "Admin_Division_2": null, "Admin_Division_3": null, "Affected_Population_Description": null, "Species_Name": "Cattle", "Is_Wild": false, "Susceptible": 2762, "Cases": 8, "Deaths": false, "Killed": false, "Slaughtered": false, "Vaccinated": null, "outbreakYear": 2007 }, "geometry": { "type": "Point", "coordinates": [ 24.44, -17.8097 ] } },
{ "type": "Feature", "properties": { "Event_ID": 406, "OIE_Reference": "EVT-406", "Country": "Namibia", "Country_ISO": "NAM", "Disease": "Foot and mouth disease ", "Disease_ID": 437, "Subtype": null, "Causal_Agent": "Foot and mouth disease virus", "Event_Status": "Resolved", "Event_Start_Date": "2007-11-07", "Event_End_Date": "2008-12-01", "Confirmation_Date": "2007-11-14", "Report_ID": 2344, "Report_Date": "2009-04-05", "Outbreak_ID": 11941, "Outbreak_Start_Date": "2008-05-16", "Outbreak_End_Date": "2008-08-07", "Latitude": -17.8097, "Longitude": 24.44, "Locality": "Mudelele", "Epi_Unit_Type": "Village", "Admin_Division_1": "Caprivi (2005-2013)", "Admin_Division_2": null, "Admin_Division_3": null, "Affected_Population_Description": null, "Species_Name": "Cattle", "Is_Wild": false, "Susceptible": 164, "Cases": 21, "Deaths": false, "Killed": false, "Slaughtered": false, "Vaccinated": null, "outbreakYear": 2007 }, "geometry": { "type": "Point", "coordinates": [ 24.44, -17.8097 ] } },
{ "type": "Feature", "properties": { "Event_ID": 406, "OIE_Reference": "EVT-406", "Country": "Namibia", "Country_ISO": "NAM", "Disease": "Foot and mouth disease ", "Disease_ID": 437, "Subtype": null, "Causal_Agent": "Foot and mouth disease virus", "Event_Status": "Resolved", "Event_Start_Date": "2007-11-07", "Event_End_Date": "2008-12-01", "Confirmation_Date": "2007-11-14", "Report_ID": 2344, "Report_Date": "2009-04-05", "Outbreak_ID": 11940, "Outbreak_Start_Date": "2008-06-25", "Outbreak_End_Date": "2008-07-31", "Latitude": -17.55222, "Longitude": 24.81516, "Locality": "Schuckmannsburg", "Epi_Unit_Type": "Village", "Admin_Division_1": "Caprivi (2005-2013)", "Admin_Division_2": null, "Admin_Division_3": null, "Affected_Population_Description": null, "Species_Name": "Cattle", "Is_Wild": false, "Susceptible": 1852, "Cases": 5, "Deaths": false, "Killed": false, "Slaughtered": false, "Vaccinated": null, "outbreakYear": 2007 }, "geometry": { "type": "Point", "coordinates": [ 24.81516, -17.55222 ] } },
{ "type": "Feature", "properties": { "Event_ID": 406, "OIE_Reference": "EVT-406", "Country": "Namibia", "Country_ISO": "NAM", "Disease": "Foot and mouth disease ", "Disease_ID": 437, "Subtype": null, "Causal_Agent": "Foot and mouth disease virus", "Event_Status": "Resolved", "Event_Start_Date": "2007-11-07", "Event_End_Date": "2008-12-01", "Confirmation_Date": "2007-11-14", "Report_ID": 2344, "Report_Date": "2009-04-05", "Outbreak_ID": 11939, "Outbreak_Start_Date": "2008-06-04", "Outbreak_End_Date": "2008-08-07", "Latitude": -17.8097, "Longitude": 24.5597, "Locality": "Mukasa", "Epi_Unit_Type": "Village", "Admin_Division_1": "Caprivi (2005-2013)", "Admin_Division_2": null, "Admin_Division_3": null, "Affected_Population_Description": null, "Species_Name": "Cattle", "Is_Wild": false, "Susceptible": 1477, "Cases": 26, "Deaths": false, "Killed": false, "Slaughtered": false, "Vaccinated": null, "outbreakYear": 2007 }, "geometry": { "type": "Point", "coordinates": [ 24.5597, -17.8097 ] } },
{ "type": "Feature", "properties": { "Event_ID": 406, "OIE_Reference": "EVT-406", "Country": "Namibia", "Country_ISO": "NAM", "Disease": "Foot and mouth disease ", "Disease_ID": 437, "Subtype": null, "Causal_Agent": "Foot and mouth disease virus", "Event_Status": "Resolved", "Event_Start_Date": "2007-11-07", "Event_End_Date": "2008-12-01", "Confirmation_Date": "2007-11-14", "Report_ID": 2344, "Report_Date": "2009-04-05", "Outbreak_ID": 11938, "Outbreak_Start_Date": "2008-06-04", "Outbreak_End_Date": "2008-08-07", "Latitude": -17.8561, "Longitude": 24.46542, "Locality": "Iseke", "Epi_Unit_Type": "Village", "Admin_Division_1": "Caprivi (2005-2013)", "Admin_Division_2": null, "Admin_Division_3": null, "Affected_Population_Description": null, "Species_Name": "Cattle", "Is_Wild": false, "Susceptible": 1185, "Cases": 7, "Deaths": false, "Killed": false, "Slaughtered": false, "Vaccinated": null, "outbreakYear": 2007 }, "geometry": { "type": "Point", "coordinates": [ 24.46542, -17.8561 ] } },
{ "type": "Feature", "properties": { "Event_ID": 406, "OIE_Reference": "EVT-406", "Country": "Namibia", "Country_ISO": "NAM", "Disease": "Foot and mouth disease ", "Disease_ID": 437, "Subtype": null, "Causal_Agent": "Foot and mouth disease virus", "Event_Status": "Resolved", "Event_Start_Date": "2007-11-07", "Event_End_Date": "2008-12-01", "Confirmation_Date": "2007-11-14", "Report_ID": 2344, "Report_Date": "2009-04-05", "Outbreak_ID": 11937, "Outbreak_Start_Date": "2008-04-14", "Outbreak_End_Date": "2008-09-01", "Latitude": -17.91, "Longitude": 24.66, "Locality": "Isuswa", "Epi_Unit_Type": "Village", "Admin_Division_1": "Caprivi (2005-2013)", "Admin_Division_2": null, "Admin_Division_3": null, "Affected_Population_Description": "Animals on communal grazing", "Species_Name": "Cattle", "Is_Wild": false, "Susceptible": 1185, "Cases": 68, "Deaths": false, "Killed": false, "Slaughtered": false, "Vaccinated": null, "outbreakYear": 2007 }, "geometry": { "type": "Point", "coordinates": [ 24.66, -17.91 ] } },
{ "type": "Feature", "properties": { "Event_ID": 406, "OIE_Reference": "EVT-406", "Country": "Namibia", "Country_ISO": "NAM", "Disease": "Foot and mouth disease ", "Disease_ID": 437, "Subtype": null, "Causal_Agent": "Foot and mouth disease virus", "Event_Status": "Resolved", "Event_Start_Date": "2007-11-07", "Event_End_Date": "2008-12-01", "Confirmation_Date": "2007-11-14", "Report_ID": 2344, "Report_Date": "2009-04-05", "Outbreak_ID": 11936, "Outbreak_Start_Date": "2008-06-05", "Outbreak_End_Date": "2008-07-18", "Latitude": -17.94, "Longitude": 24.5597, "Locality": "Mutilika", "Epi_Unit_Type": "Village", "Admin_Division_1": "Caprivi (2005-2013)", "Admin_Division_2": null, "Admin_Division_3": null, "Affected_Population_Description": "Animals on communal grazing", "Species_Name": "Cattle", "Is_Wild": false, "Susceptible": 1566, "Cases": 10, "Deaths": false, "Killed": false, "Slaughtered": false, "Vaccinated": null, "outbreakYear": 2007 }, "geometry": { "type": "Point", "coordinates": [ 24.5597, -17.94 ] } },
{ "type": "Feature", "properties": { "Event_ID": 406, "OIE_Reference": "EVT-406", "Country": "Namibia", "Country_ISO": "NAM", "Disease": "Foot and mouth disease ", "Disease_ID": 437, "Subtype": null, "Causal_Agent": "Foot and mouth disease virus", "Event_Status": "Resolved", "Event_Start_Date": "2007-11-07", "Event_End_Date": "2008-12-01", "Confirmation_Date": "2007-11-14", "Report_ID": 2344, "Report_Date": "2009-04-05", "Outbreak_ID": 11935, "Outbreak_Start_Date": "2008-03-06", "Outbreak_End_Date": "2008-06-13", "Latitude": -17.8097, "Longitude": 24.69, "Locality": "Masikili", "Epi_Unit_Type": "Village", "Admin_Division_1": "Caprivi (2005-2013)", "Admin_Division_2": null, "Admin_Division_3": null, "Affected_Population_Description": "Animals on communal grazing", "Species_Name": "Cattle", "Is_Wild": false, "Susceptible": 1510, "Cases": 180, "Deaths": false, "Killed": false, "Slaughtered": false, "Vaccinated": null, "outbreakYear": 2007 }, "geometry": { "type": "Point", "coordinates": [ 24.69, -17.8097 ] } },
{ "type": "Feature", "properties": { "Event_ID": 406, "OIE_Reference": "EVT-406", "Country": "Namibia", "Country_ISO": "NAM", "Disease": "Foot and mouth disease ", "Disease_ID": 437, "Subtype": null, "Causal_Agent": "Foot and mouth disease virus", "Event_Status": "Resolved", "Event_Start_Date": "2007-11-07", "Event_End_Date": "2008-12-01", "Confirmation_Date": "2007-11-14", "Report_ID": 2344, "Report_Date": "2009-04-05", "Outbreak_ID": 11934, "Outbreak_Start_Date": "2008-03-03", "Outbreak_End_Date": "2008-07-14", "Latitude": -17.94, "Longitude": 24.69, "Locality": "Ngoma", "Epi_Unit_Type": "Village", "Admin_Division_1": "Caprivi (2005-2013)", "Admin_Division_2": null, "Admin_Division_3": null, "Affected_Population_Description": "Animals on communal grazing", "Species_Name": "Cattle", "Is_Wild": false, "Susceptible": 1310, "Cases": 29, "Deaths": false, "Killed": false, "Slaughtered": false, "Vaccinated": null, "outbreakYear": 2007 }, "geometry": { "type": "Point", "coordinates": [ 24.69, -17.94 ] } },
{ "type": "Feature", "properties": { "Event_ID": 406, "OIE_Reference": "EVT-406", "Country": "Namibia", "Country_ISO": "NAM", "Disease": "Foot and mouth disease ", "Disease_ID": 437, "Subtype": null, "Causal_Agent": "Foot and mouth disease virus", "Event_Status": "Resolved", "Event_Start_Date": "2007-11-07", "Event_End_Date": "2008-12-01", "Confirmation_Date": "2007-11-14", "Report_ID": 2344, "Report_Date": "2009-04-05", "Outbreak_ID": 11933, "Outbreak_Start_Date": "2008-04-14", "Outbreak_End_Date": "2008-05-23", "Latitude": -17.8097, "Longitude": 24.5597, "Locality": "Ikumwe", "Epi_Unit_Type": "Village", "Admin_Division_1": "Caprivi (2005-2013)", "Admin_Division_2": null, "Admin_Division_3": null, "Affected_Population_Description": "Animals on communal grazing", "Species_Name": "Cattle", "Is_Wild": false, "Susceptible": 751, "Cases": 66, "Deaths": false, "Killed": false, "Slaughtered": false, "Vaccinated": null, "outbreakYear": 2007 }, "geometry": { "type": "Point", "coordinates": [ 24.5597, -17.8097 ] } },
{ "type": "Feature", "properties": { "Event_ID": 406, "OIE_Reference": "EVT-406", "Country": "Namibia", "Country_ISO": "NAM", "Disease": "Foot and mouth disease ", "Disease_ID": 437, "Subtype": null, "Causal_Agent": "Foot and mouth disease virus", "Event_Status": "Resolved", "Event_Start_Date": "2007-11-07", "Event_End_Date": "2008-12-01", "Confirmation_Date": "2007-11-14", "Report_ID": 2344, "Report_Date": "2009-04-05", "Outbreak_ID": 11932, "Outbreak_Start_Date": "2008-02-15", "Outbreak_End_Date": "2008-04-29", "Latitude": -17.6997, "Longitude": 24.5597, "Locality": "Liangwe", "Epi_Unit_Type": "Village", "Admin_Division_1": "Caprivi (2005-2013)", "Admin_Division_2": null, "Admin_Division_3": null, "Affected_Population_Description": "Animals on communal grazing", "Species_Name": "Cattle", "Is_Wild": false, "Susceptible": 366, "Cases": 17, "Deaths": false, "Killed": false, "Slaughtered": false, "Vaccinated": null, "outbreakYear": 2007 }, "geometry": { "type": "Point", "coordinates": [ 24.5597, -17.6997 ] } },
{ "type": "Feature", "properties": { "Event_ID": 406, "OIE_Reference": "EVT-406", "Country": "Namibia", "Country_ISO": "NAM", "Disease": "Foot and mouth disease ", "Disease_ID": 437, "Subtype": null, "Causal_Agent": "Foot and mouth disease virus", "Event_Status": "Resolved", "Event_Start_Date": "2007-11-07", "Event_End_Date": "2008-12-01", "Confirmation_Date": "2007-11-14", "Report_ID": 2344, "Report_Date": "2009-04-05", "Outbreak_ID": 11931, "Outbreak_Start_Date": "2008-02-15", "Outbreak_End_Date": "2008-06-23", "Latitude": -17.6997, "Longitude": 24.6494, "Locality": "Mudaniko", "Epi_Unit_Type": "Village", "Admin_Division_1": "Caprivi (2005-2013)", "Admin_Division_2": null, "Admin_Division_3": null, "Affected_Population_Description": "Animals on communal grazing", "Species_Name": "Cattle", "Is_Wild": false, "Susceptible": 1090, "Cases": 191, "Deaths": false, "Killed": false, "Slaughtered": false, "Vaccinated": null, "outbreakYear": 2007 }, "geometry": { "type": "Point", "coordinates": [ 24.6494, -17.6997 ] } },
{ "type": "Feature", "properties": { "Event_ID": 406, "OIE_Reference": "EVT-406", "Country": "Namibia", "Country_ISO": "NAM", "Disease": "Foot and mouth disease ", "Disease_ID": 437, "Subtype": null, "Causal_Agent": "Foot and mouth disease virus", "Event_Status": "Resolved", "Event_Start_Date": "2007-11-07", "Event_End_Date": "2008-12-01", "Confirmation_Date": "2007-11-14", "Report_ID": 2344, "Report_Date": "2009-04-05", "Outbreak_ID": 11930, "Outbreak_Start_Date": "2008-01-18", "Outbreak_End_Date": "2008-05-19", "Latitude": -17.69, "Longitude": 24.69, "Locality": "Kabbe", "Epi_Unit_Type": "Village", "Admin_Division_1": "Caprivi (2005-2013)", "Admin_Division_2": null, "Admin_Division_3": null, "Affected_Population_Description": "Animals on communal grazing", "Species_Name": "Cattle", "Is_Wild": false, "Susceptible": 577, "Cases": 57, "Deaths": false, "Killed": false, "Slaughtered": false, "Vaccinated": null, "outbreakYear": 2007 }, "geometry": { "type": "Point", "coordinates": [ 24.69, -17.69 ] } },
{ "type": "Feature", "properties": { "Event_ID": 406, "OIE_Reference": "EVT-406", "Country": "Namibia", "Country_ISO": "NAM", "Disease": "Foot and mouth disease ", "Disease_ID": 437, "Subtype": null, "Causal_Agent": "Foot and mouth disease virus", "Event_Status": "Resolved", "Event_Start_Date": "2007-11-07", "Event_End_Date": "2008-12-01", "Confirmation_Date": "2007-11-14", "Report_ID": 2344, "Report_Date": "2009-04-05", "Outbreak_ID": 11929, "Outbreak_Start_Date": "2007-12-04", "Outbreak_End_Date": "2008-02-07", "Latitude": -17.58035, "Longitude": 24.68474, "Locality": "Malindi", "Epi_Unit_Type": "Village", "Admin_Division_1": "Caprivi (2005-2013)", "Admin_Division_2": null, "Admin_Division_3": null, "Affected_Population_Description": "Animals on communal grazing", "Species_Name": "Cattle", "Is_Wild": false, "Susceptible": 1270, "Cases": 30, "Deaths": false, "Killed": false, "Slaughtered": false, "Vaccinated": null, "outbreakYear": 2007 }, "geometry": { "type": "Point", "coordinates": [ 24.68474, -17.58035 ] } },
{ "type": "Feature", "properties": { "Event_ID": 406, "OIE_Reference": "EVT-406", "Country": "Namibia", "Country_ISO": "NAM", "Disease": "Foot and mouth disease ", "Disease_ID": 437, "Subtype": null, "Causal_Agent": "Foot and mouth disease virus", "Event_Status": "Resolved", "Event_Start_Date": "2007-11-07", "Event_End_Date": "2008-12-01", "Confirmation_Date": "2007-11-14", "Report_ID": 2344, "Report_Date": "2009-04-05", "Outbreak_ID": 10445, "Outbreak_Start_Date": "2008-01-07", "Outbreak_End_Date": "2008-03-10", "Latitude": -17.5686, "Longitude": 24.5365, "Locality": "Kwalala", "Epi_Unit_Type": "Village", "Admin_Division_1": "Caprivi (2005-2013)", "Admin_Division_2": null, "Admin_Division_3": null, "Affected_Population_Description": "cattle on communal grazing", "Species_Name": "Cattle", "Is_Wild": false, "Susceptible": 593, "Cases": 259, "Deaths": false, "Killed": false, "Slaughtered": false, "Vaccinated": null, "outbreakYear": 2007 }, "geometry": { "type": "Point", "coordinates": [ 24.5365, -17.5686 ] } },
{ "type": "Feature", "properties": { "Event_ID": 406, "OIE_Reference": "EVT-406", "Country": "Namibia", "Country_ISO": "NAM", "Disease": "Foot and mouth disease ", "Disease_ID": 437, "Subtype": null, "Causal_Agent": "Foot and mouth disease virus", "Event_Status": "Resolved", "Event_Start_Date": "2007-11-07", "Event_End_Date": "2008-12-01", "Confirmation_Date": "2007-11-14", "Report_ID": 2344, "Report_Date": "2009-04-05", "Outbreak_ID": 9801, "Outbreak_Start_Date": "2007-11-28", "Outbreak_End_Date": "2008-02-28", "Latitude": -17.5686, "Longitude": 24.5366, "Locality": "Isize Crushpen", "Epi_Unit_Type": "Village", "Admin_Division_1": "Caprivi (2005-2013)", "Admin_Division_2": null, "Admin_Division_3": null, "Affected_Population_Description": "animals on communal grazing vaccinated on  2 August 2007 ", "Species_Name": "Cattle", "Is_Wild": false, "Susceptible": 1270, "Cases": 14, "Deaths": false, "Killed": false, "Slaughtered": false, "Vaccinated": null, "outbreakYear": 2007 }, "geometry": { "type": "Point", "coordinates": [ 24.5366, -17.5686 ] } },
{ "type": "Feature", "properties": { "Event_ID": 406, "OIE_Reference": "EVT-406", "Country": "Namibia", "Country_ISO": "NAM", "Disease": "Foot and mouth disease ", "Disease_ID": 437, "Subtype": null, "Causal_Agent": "Foot and mouth disease virus", "Event_Status": "Resolved", "Event_Start_Date": "2007-11-07", "Event_End_Date": "2008-12-01", "Confirmation_Date": "2007-11-14", "Report_ID": 2344, "Report_Date": "2009-04-05", "Outbreak_ID": 9800, "Outbreak_Start_Date": "2007-11-28", "Outbreak_End_Date": "2008-02-27", "Latitude": -17.69, "Longitude": 24.94, "Locality": "Limai Crushpen", "Epi_Unit_Type": "Village", "Admin_Division_1": "Caprivi (2005-2013)", "Admin_Division_2": null, "Admin_Division_3": null, "Affected_Population_Description": "animals on communal grazing vaccinated against foot and mouth disease and contagious bovine pleuropneumonia on 28 August 2007", "Species_Name": "Cattle", "Is_Wild": false, "Susceptible": 1694, "Cases": 190, "Deaths": false, "Killed": false, "Slaughtered": false, "Vaccinated": null, "outbreakYear": 2007 }, "geometry": { "type": "Point", "coordinates": [ 24.94, -17.69 ] } },
{ "type": "Feature", "properties": { "Event_ID": 406, "OIE_Reference": "EVT-406", "Country": "Namibia", "Country_ISO": "NAM", "Disease": "Foot and mouth disease ", "Disease_ID": 437, "Subtype": null, "Causal_Agent": "Foot and mouth disease virus", "Event_Status": "Resolved", "Event_Start_Date": "2007-11-07", "Event_End_Date": "2008-12-01", "Confirmation_Date": "2007-11-14", "Report_ID": 2344, "Report_Date": "2009-04-05", "Outbreak_ID": 9779, "Outbreak_Start_Date": "2007-11-28", "Outbreak_End_Date": "2008-02-20", "Latitude": -17.5198, "Longitude": 24.583, "Locality": "Malindi Crushpen", "Epi_Unit_Type": "Village", "Admin_Division_1": "Caprivi (2005-2013)", "Admin_Division_2": null, "Admin_Division_3": null, "Affected_Population_Description": "cattle on communal grazing vaccinated against foot and mouth disease on 20 August 2007 and 26 November 2007", "Species_Name": "Cattle", "Is_Wild": false, "Susceptible": 3102, "Cases": 12, "Deaths": false, "Killed": false, "Slaughtered": false, "Vaccinated": null, "outbreakYear": 2007 }, "geometry": { "type": "Point", "coordinates": [ 24.583, -17.5198 ] } },
{ "type": "Feature", "properties": { "Event_ID": 406, "OIE_Reference": "EVT-406", "Country": "Namibia", "Country_ISO": "NAM", "Disease": "Foot and mouth disease ", "Disease_ID": 437, "Subtype": null, "Causal_Agent": "Foot and mouth disease virus", "Event_Status": "Resolved", "Event_Start_Date": "2007-11-07", "Event_End_Date": "2008-12-01", "Confirmation_Date": "2007-11-14", "Report_ID": 2344, "Report_Date": "2009-04-05", "Outbreak_ID": 9704, "Outbreak_Start_Date": "2007-11-21", "Outbreak_End_Date": "2008-01-24", "Latitude": -17.636, "Longitude": 25.027, "Locality": "Muzii", "Epi_Unit_Type": "Village", "Admin_Division_1": "Caprivi (2005-2013)", "Admin_Division_2": null, "Admin_Division_3": null, "Affected_Population_Description": "cattle on communal grazing last vaccinated on 25 October 2007", "Species_Name": "Cattle", "Is_Wild": false, "Susceptible": 3506, "Cases": 172, "Deaths": false, "Killed": false, "Slaughtered": false, "Vaccinated": null, "outbreakYear": 2007 }, "geometry": { "type": "Point", "coordinates": [ 25.027, -17.636 ] } },
{ "type": "Feature", "properties": { "Event_ID": 406, "OIE_Reference": "EVT-406", "Country": "Namibia", "Country_ISO": "NAM", "Disease": "Foot and mouth disease ", "Disease_ID": 437, "Subtype": null, "Causal_Agent": "Foot and mouth disease virus", "Event_Status": "Resolved", "Event_Start_Date": "2007-11-07", "Event_End_Date": "2008-12-01", "Confirmation_Date": "2007-11-14", "Report_ID": 2344, "Report_Date": "2009-04-05", "Outbreak_ID": 9645, "Outbreak_Start_Date": "2007-11-07", "Outbreak_End_Date": "2008-02-08", "Latitude": -17.581, "Longitude": 24.7925, "Locality": "Nankuntwe", "Epi_Unit_Type": "Village", "Admin_Division_1": "Caprivi (2005-2013)", "Admin_Division_2": null, "Admin_Division_3": null, "Affected_Population_Description": "cattle on communal grazing last vaccinated against foot and mouth disease (FMD) on 23 August 2007.", "Species_Name": "Cattle", "Is_Wild": false, "Susceptible": 2307, "Cases": 23, "Deaths": true, "Killed": false, "Slaughtered": false, "Vaccinated": null, "outbreakYear": 2007 }, "geometry": { "type": "Point", "coordinates": [ 24.7925, -17.581 ] } },
{ "type": "Feature", "properties": { "Event_ID": 518, "OIE_Reference": "EVT-518", "Country": "Namibia", "Country_ISO": "NAM", "Disease": "Foot and mouth disease ", "Disease_ID": 437, "Subtype": null, "Causal_Agent": "Foot and mouth disease virus", "Event_Status": "Resolved", "Event_Start_Date": "2008-07-24", "Event_End_Date": "2009-01-20", "Confirmation_Date": "2008-08-01", "Report_ID": 2343, "Report_Date": "2009-04-05", "Outbreak_ID": 11950, "Outbreak_Start_Date": "2008-10-30", "Outbreak_End_Date": "2008-11-20", "Latitude": -18.18, "Longitude": 21.295, "Locality": "Havo", "Epi_Unit_Type": "Village", "Admin_Division_1": "Kavango (2005-2013)", "Admin_Division_2": null, "Admin_Division_3": null, "Affected_Population_Description": null, "Species_Name": "Cattle", "Is_Wild": false, "Susceptible": null, "Cases": 12, "Deaths": false, "Killed": false, "Slaughtered": false, "Vaccinated": null, "outbreakYear": 2008 }, "geometry": { "type": "Point", "coordinates": [ 21.295, -18.18 ] } },
{ "type": "Feature", "properties": { "Event_ID": 518, "OIE_Reference": "EVT-518", "Country": "Namibia", "Country_ISO": "NAM", "Disease": "Foot and mouth disease ", "Disease_ID": 437, "Subtype": null, "Causal_Agent": "Foot and mouth disease virus", "Event_Status": "Resolved", "Event_Start_Date": "2008-07-24", "Event_End_Date": "2009-01-20", "Confirmation_Date": "2008-08-01", "Report_ID": 2343, "Report_Date": "2009-04-05", "Outbreak_ID": 11949, "Outbreak_Start_Date": "2008-12-10", "Outbreak_End_Date": "2008-12-30", "Latitude": -18.02801, "Longitude": 21.23278, "Locality": "Thikukutu", "Epi_Unit_Type": "Village", "Admin_Division_1": "Kavango (2005-2013)", "Admin_Division_2": null, "Admin_Division_3": null, "Affected_Population_Description": null, "Species_Name": "Cattle", "Is_Wild": false, "Susceptible": null, "Cases": 4, "Deaths": false, "Killed": false, "Slaughtered": false, "Vaccinated": null, "outbreakYear": 2008 }, "geometry": { "type": "Point", "coordinates": [ 21.23278, -18.02801 ] } },
{ "type": "Feature", "properties": { "Event_ID": 518, "OIE_Reference": "EVT-518", "Country": "Namibia", "Country_ISO": "NAM", "Disease": "Foot and mouth disease ", "Disease_ID": 437, "Subtype": null, "Causal_Agent": "Foot and mouth disease virus", "Event_Status": "Resolved", "Event_Start_Date": "2008-07-24", "Event_End_Date": "2009-01-20", "Confirmation_Date": "2008-08-01", "Report_ID": 2343, "Report_Date": "2009-04-05", "Outbreak_ID": 11948, "Outbreak_Start_Date": "2008-12-15", "Outbreak_End_Date": "2008-12-30", "Latitude": -17.95786, "Longitude": 21.23214, "Locality": "Mayara", "Epi_Unit_Type": "Village", "Admin_Division_1": "Kavango (2005-2013)", "Admin_Division_2": null, "Admin_Division_3": null, "Affected_Population_Description": null, "Species_Name": "Cattle", "Is_Wild": false, "Susceptible": null, "Cases": 7, "Deaths": false, "Killed": false, "Slaughtered": false, "Vaccinated": null, "outbreakYear": 2008 }, "geometry": { "type": "Point", "coordinates": [ 21.23214, -17.95786 ] } },
{ "type": "Feature", "properties": { "Event_ID": 518, "OIE_Reference": "EVT-518", "Country": "Namibia", "Country_ISO": "NAM", "Disease": "Foot and mouth disease ", "Disease_ID": 437, "Subtype": null, "Causal_Agent": "Foot and mouth disease virus", "Event_Status": "Resolved", "Event_Start_Date": "2008-07-24", "Event_End_Date": "2009-01-20", "Confirmation_Date": "2008-08-01", "Report_ID": 2343, "Report_Date": "2009-04-05", "Outbreak_ID": 11947, "Outbreak_Start_Date": "2008-12-15", "Outbreak_End_Date": "2008-12-30", "Latitude": -17.98319, "Longitude": 21.281, "Locality": "Kayanga", "Epi_Unit_Type": "Village", "Admin_Division_1": "Kavango (2005-2013)", "Admin_Division_2": null, "Admin_Division_3": null, "Affected_Population_Description": null, "Species_Name": "Cattle", "Is_Wild": false, "Susceptible": null, "Cases": 3, "Deaths": false, "Killed": false, "Slaughtered": false, "Vaccinated": null, "outbreakYear": 2008 }, "geometry": { "type": "Point", "coordinates": [ 21.281, -17.98319 ] } },
{ "type": "Feature", "properties": { "Event_ID": 518, "OIE_Reference": "EVT-518", "Country": "Namibia", "Country_ISO": "NAM", "Disease": "Foot and mouth disease ", "Disease_ID": 437, "Subtype": null, "Causal_Agent": "Foot and mouth disease virus", "Event_Status": "Resolved", "Event_Start_Date": "2008-07-24", "Event_End_Date": "2009-01-20", "Confirmation_Date": "2008-08-01", "Report_ID": 2343, "Report_Date": "2009-04-05", "Outbreak_ID": 11946, "Outbreak_Start_Date": "2008-12-04", "Outbreak_End_Date": "2008-12-30", "Latitude": -18.05278, "Longitude": 21.29013, "Locality": "Shairungu", "Epi_Unit_Type": "Village", "Admin_Division_1": "Kavango (2005-2013)", "Admin_Division_2": null, "Admin_Division_3": null, "Affected_Population_Description": null, "Species_Name": "Cattle", "Is_Wild": false, "Susceptible": null, "Cases": 2, "Deaths": false, "Killed": false, "Slaughtered": false, "Vaccinated": null, "outbreakYear": 2008 }, "geometry": { "type": "Point", "coordinates": [ 21.29013, -18.05278 ] } },
{ "type": "Feature", "properties": { "Event_ID": 518, "OIE_Reference": "EVT-518", "Country": "Namibia", "Country_ISO": "NAM", "Disease": "Foot and mouth disease ", "Disease_ID": 437, "Subtype": null, "Causal_Agent": "Foot and mouth disease virus", "Event_Status": "Resolved", "Event_Start_Date": "2008-07-24", "Event_End_Date": "2009-01-20", "Confirmation_Date": "2008-08-01", "Report_ID": 2343, "Report_Date": "2009-04-05", "Outbreak_ID": 11928, "Outbreak_Start_Date": "2009-01-05", "Outbreak_End_Date": "2009-01-20", "Latitude": -17.94, "Longitude": 21.19, "Locality": "Kangongo", "Epi_Unit_Type": "Village", "Admin_Division_1": "Kavango (2005-2013)", "Admin_Division_2": null, "Admin_Division_3": null, "Affected_Population_Description": "Animals on communal grazing. The total population of the Mukwe constituency is estimated at 20 000.  The animals mix quite freely.", "Species_Name": "Cattle", "Is_Wild": false, "Susceptible": null, "Cases": 1, "Deaths": false, "Killed": false, "Slaughtered": false, "Vaccinated": null, "outbreakYear": 2008 }, "geometry": { "type": "Point", "coordinates": [ 21.19, -17.94 ] } },
{ "type": "Feature", "properties": { "Event_ID": 518, "OIE_Reference": "EVT-518", "Country": "Namibia", "Country_ISO": "NAM", "Disease": "Foot and mouth disease ", "Disease_ID": 437, "Subtype": null, "Causal_Agent": "Foot and mouth disease virus", "Event_Status": "Resolved", "Event_Start_Date": "2008-07-24", "Event_End_Date": "2009-01-20", "Confirmation_Date": "2008-08-01", "Report_ID": 2343, "Report_Date": "2009-04-05", "Outbreak_ID": 11927, "Outbreak_Start_Date": "2008-12-11", "Outbreak_End_Date": "2008-12-30", "Latitude": -17.99375, "Longitude": 21.31744, "Locality": "Biro", "Epi_Unit_Type": "Village", "Admin_Division_1": "Kavango (2005-2013)", "Admin_Division_2": null, "Admin_Division_3": null, "Affected_Population_Description": "Animals on communal grazing", "Species_Name": "Cattle", "Is_Wild": false, "Susceptible": null, "Cases": 12, "Deaths": false, "Killed": false, "Slaughtered": false, "Vaccinated": null, "outbreakYear": 2008 }, "geometry": { "type": "Point", "coordinates": [ 21.31744, -17.99375 ] } },
{ "type": "Feature", "properties": { "Event_ID": 518, "OIE_Reference": "EVT-518", "Country": "Namibia", "Country_ISO": "NAM", "Disease": "Foot and mouth disease ", "Disease_ID": 437, "Subtype": null, "Causal_Agent": "Foot and mouth disease virus", "Event_Status": "Resolved", "Event_Start_Date": "2008-07-24", "Event_End_Date": "2009-01-20", "Confirmation_Date": "2008-08-01", "Report_ID": 2343, "Report_Date": "2009-04-05", "Outbreak_ID": 11926, "Outbreak_Start_Date": "2008-11-10", "Outbreak_End_Date": "2009-01-05", "Latitude": -18.00637, "Longitude": 21.35575, "Locality": "Shandikongoro", "Epi_Unit_Type": "Village", "Admin_Division_1": "Kavango (2005-2013)", "Admin_Division_2": null, "Admin_Division_3": null, "Affected_Population_Description": "Animals on communal grazing", "Species_Name": "Cattle", "Is_Wild": false, "Susceptible": null, "Cases": 8, "Deaths": false, "Killed": false, "Slaughtered": false, "Vaccinated": null, "outbreakYear": 2008 }, "geometry": { "type": "Point", "coordinates": [ 21.35575, -18.00637 ] } },
{ "type": "Feature", "properties": { "Event_ID": 518, "OIE_Reference": "EVT-518", "Country": "Namibia", "Country_ISO": "NAM", "Disease": "Foot and mouth disease ", "Disease_ID": 437, "Subtype": null, "Causal_Agent": "Foot and mouth disease virus", "Event_Status": "Resolved", "Event_Start_Date": "2008-07-24", "Event_End_Date": "2009-01-20", "Confirmation_Date": "2008-08-01", "Report_ID": 2343, "Report_Date": "2009-04-05", "Outbreak_ID": 11925, "Outbreak_Start_Date": "2008-10-03", "Outbreak_End_Date": "2008-11-10", "Latitude": -18.19, "Longitude": 21.3097, "Locality": "Shamaturu", "Epi_Unit_Type": "Village", "Admin_Division_1": "Kavango (2005-2013)", "Admin_Division_2": null, "Admin_Division_3": null, "Affected_Population_Description": "Animals on communal grazing", "Species_Name": "Cattle", "Is_Wild": false, "Susceptible": null, "Cases": 17, "Deaths": false, "Killed": false, "Slaughtered": false, "Vaccinated": null, "outbreakYear": 2008 }, "geometry": { "type": "Point", "coordinates": [ 21.3097, -18.19 ] } },
{ "type": "Feature", "properties": { "Event_ID": 518, "OIE_Reference": "EVT-518", "Country": "Namibia", "Country_ISO": "NAM", "Disease": "Foot and mouth disease ", "Disease_ID": 437, "Subtype": null, "Causal_Agent": "Foot and mouth disease virus", "Event_Status": "Resolved", "Event_Start_Date": "2008-07-24", "Event_End_Date": "2009-01-20", "Confirmation_Date": "2008-08-01", "Report_ID": 2343, "Report_Date": "2009-04-05", "Outbreak_ID": 11924, "Outbreak_Start_Date": "2008-10-14", "Outbreak_End_Date": "2008-12-25", "Latitude": -18.0797, "Longitude": 21.3097, "Locality": "Muthinduko", "Epi_Unit_Type": "Village", "Admin_Division_1": "Kavango (2005-2013)", "Admin_Division_2": null, "Admin_Division_3": null, "Affected_Population_Description": "Animals on communal grazing", "Species_Name": "Cattle", "Is_Wild": false, "Susceptible": null, "Cases": 7, "Deaths": false, "Killed": false, "Slaughtered": false, "Vaccinated": null, "outbreakYear": 2008 }, "geometry": { "type": "Point", "coordinates": [ 21.3097, -18.0797 ] } },
{ "type": "Feature", "properties": { "Event_ID": 518, "OIE_Reference": "EVT-518", "Country": "Namibia", "Country_ISO": "NAM", "Disease": "Foot and mouth disease ", "Disease_ID": 437, "Subtype": null, "Causal_Agent": "Foot and mouth disease virus", "Event_Status": "Resolved", "Event_Start_Date": "2008-07-24", "Event_End_Date": "2009-01-20", "Confirmation_Date": "2008-08-01", "Report_ID": 2343, "Report_Date": "2009-04-05", "Outbreak_ID": 11016, "Outbreak_Start_Date": "2008-08-08", "Outbreak_End_Date": "2008-10-25", "Latitude": -18.17263, "Longitude": 21.60247, "Locality": "Dimwangha", "Epi_Unit_Type": "Village", "Admin_Division_1": "Kavango (2005-2013)", "Admin_Division_2": null, "Admin_Division_3": null, "Affected_Population_Description": "Dimwangha is 3 km far from Kanorombwe community and within 10 km of index outbreak", "Species_Name": "Cattle", "Is_Wild": false, "Susceptible": 20000, "Cases": 12, "Deaths": false, "Killed": false, "Slaughtered": false, "Vaccinated": null, "outbreakYear": 2008 }, "geometry": { "type": "Point", "coordinates": [ 21.60247, -18.17263 ] } },
{ "type": "Feature", "properties": { "Event_ID": 518, "OIE_Reference": "EVT-518", "Country": "Namibia", "Country_ISO": "NAM", "Disease": "Foot and mouth disease ", "Disease_ID": 437, "Subtype": null, "Causal_Agent": "Foot and mouth disease virus", "Event_Status": "Resolved", "Event_Start_Date": "2008-07-24", "Event_End_Date": "2009-01-20", "Confirmation_Date": "2008-08-01", "Report_ID": 2343, "Report_Date": "2009-04-05", "Outbreak_ID": 11015, "Outbreak_Start_Date": "2008-08-10", "Outbreak_End_Date": "2008-11-15", "Latitude": -18.24, "Longitude": 21.51, "Locality": "Shutu", "Epi_Unit_Type": "Village", "Admin_Division_1": "Kavango (2005-2013)", "Admin_Division_2": null, "Admin_Division_3": null, "Affected_Population_Description": "Cattle herd 10 km far from index outbreak", "Species_Name": "Cattle", "Is_Wild": false, "Susceptible": 20000, "Cases": 12, "Deaths": false, "Killed": false, "Slaughtered": false, "Vaccinated": null, "outbreakYear": 2008 }, "geometry": { "type": "Point", "coordinates": [ 21.51, -18.24 ] } },
{ "type": "Feature", "properties": { "Event_ID": 518, "OIE_Reference": "EVT-518", "Country": "Namibia", "Country_ISO": "NAM", "Disease": "Foot and mouth disease ", "Disease_ID": 437, "Subtype": null, "Causal_Agent": "Foot and mouth disease virus", "Event_Status": "Resolved", "Event_Start_Date": "2008-07-24", "Event_End_Date": "2009-01-20", "Confirmation_Date": "2008-08-01", "Report_ID": 2343, "Report_Date": "2009-04-05", "Outbreak_ID": 11003, "Outbreak_Start_Date": "2008-08-14", "Outbreak_End_Date": "2009-01-05", "Latitude": -18.10443, "Longitude": 21.62514, "Locality": "Kanorombwe Community", "Epi_Unit_Type": "Village", "Admin_Division_1": "Kavango (2005-2013)", "Admin_Division_2": null, "Admin_Division_3": null, "Affected_Population_Description": "Animals on communal grazing and within 5 km of primary outbreak at Kamutjonga village", "Species_Name": "Cattle", "Is_Wild": false, "Susceptible": 18000, "Cases": 20, "Deaths": false, "Killed": false, "Slaughtered": false, "Vaccinated": null, "outbreakYear": 2008 }, "geometry": { "type": "Point", "coordinates": [ 21.62514, -18.10443 ] } },
{ "type": "Feature", "properties": { "Event_ID": 518, "OIE_Reference": "EVT-518", "Country": "Namibia", "Country_ISO": "NAM", "Disease": "Foot and mouth disease ", "Disease_ID": 437, "Subtype": null, "Causal_Agent": "Foot and mouth disease virus", "Event_Status": "Resolved", "Event_Start_Date": "2008-07-24", "Event_End_Date": "2009-01-20", "Confirmation_Date": "2008-08-01", "Report_ID": 2343, "Report_Date": "2009-04-05", "Outbreak_ID": 11002, "Outbreak_Start_Date": "2008-08-17", "Outbreak_End_Date": "2008-12-20", "Latitude": -18.07456, "Longitude": 21.63931, "Locality": "Mwtjiku village", "Epi_Unit_Type": "Village", "Admin_Division_1": "Kavango (2005-2013)", "Admin_Division_2": null, "Admin_Division_3": null, "Affected_Population_Description": "Cattle on communal grazing. Area lies in the Bwabwata national park. Animals known to have contact with African buffalos. Animals last vaccinated against FMD on 7 July 2008.", "Species_Name": "Cattle", "Is_Wild": false, "Susceptible": 1000, "Cases": 5, "Deaths": false, "Killed": false, "Slaughtered": false, "Vaccinated": null, "outbreakYear": 2008 }, "geometry": { "type": "Point", "coordinates": [ 21.63931, -18.07456 ] } },
{ "type": "Feature", "properties": { "Event_ID": 518, "OIE_Reference": "EVT-518", "Country": "Namibia", "Country_ISO": "NAM", "Disease": "Foot and mouth disease ", "Disease_ID": 437, "Subtype": null, "Causal_Agent": "Foot and mouth disease virus", "Event_Status": "Resolved", "Event_Start_Date": "2008-07-24", "Event_End_Date": "2009-01-20", "Confirmation_Date": "2008-08-01", "Report_ID": 2343, "Report_Date": "2009-04-05", "Outbreak_ID": 10920, "Outbreak_Start_Date": "2008-07-24", "Outbreak_End_Date": "2008-10-13", "Latitude": -18.14363, "Longitude": 21.6589, "Locality": "Kamutjonga village", "Epi_Unit_Type": "Village", "Admin_Division_1": "Kavango (2005-2013)", "Admin_Division_2": null, "Admin_Division_3": null, "Affected_Population_Description": "Cattle on communal grazing", "Species_Name": "Cattle", "Is_Wild": false, "Susceptible": 18000, "Cases": 14, "Deaths": false, "Killed": false, "Slaughtered": false, "Vaccinated": null, "outbreakYear": 2008 }, "geometry": { "type": "Point", "coordinates": [ 21.6589, -18.14363 ] } },
{ "type": "Feature", "properties": { "Event_ID": 840, "OIE_Reference": "EVT-840", "Country": "Namibia", "Country_ISO": "NAM", "Disease": "Foot and mouth disease ", "Disease_ID": 437, "Subtype": null, "Causal_Agent": "Foot and mouth disease virus", "Event_Status": "Resolved", "Event_Start_Date": "2010-04-09", "Event_End_Date": "2010-08-06", "Confirmation_Date": "2010-04-09", "Report_ID": 3492, "Report_Date": "2010-08-13", "Outbreak_ID": 13481, "Outbreak_Start_Date": "2010-04-09", "Outbreak_End_Date": "2010-08-06", "Latitude": -17.81, "Longitude": 25.19, "Locality": "Impalila island", "Epi_Unit_Type": "Village", "Admin_Division_1": "Caprivi (2005-2013)", "Admin_Division_2": null, "Admin_Division_3": null, "Affected_Population_Description": "Sanga cattle with oral vesicles suggestive of foot and mouth disease (FMD). Animals isolated on an island on the Zambezi river", "Species_Name": "Cattle", "Is_Wild": false, "Susceptible": 1812, "Cases": 144, "Deaths": false, "Killed": false, "Slaughtered": false, "Vaccinated": null, "outbreakYear": 2010 }, "geometry": { "type": "Point", "coordinates": [ 25.19, -17.81 ] } },
{ "type": "Feature", "properties": { "Event_ID": 1148, "OIE_Reference": "EVT-1148", "Country": "Namibia", "Country_ISO": "NAM", "Disease": "Foot and mouth disease ", "Disease_ID": 437, "Subtype": null, "Causal_Agent": "Foot and mouth disease virus", "Event_Status": "Resolved", "Event_Start_Date": "2011-11-26", "Event_End_Date": "2012-03-20", "Confirmation_Date": "2011-11-30", "Report_ID": 5426, "Report_Date": "2012-07-17", "Outbreak_ID": 17595, "Outbreak_Start_Date": "2012-01-05", "Outbreak_End_Date": "2012-03-20", "Latitude": -17.81, "Longitude": 24.56, "Locality": "Ikumwe Crushpen", "Epi_Unit_Type": "Village", "Admin_Division_1": "Caprivi (2005-2013)", "Admin_Division_2": null, "Admin_Division_3": null, "Affected_Population_Description": "Cattle on communal grazing with no fences to separate herds", "Species_Name": "Cattle", "Is_Wild": false, "Susceptible": 725, "Cases": 3, "Deaths": false, "Killed": false, "Slaughtered": false, "Vaccinated": null, "outbreakYear": 2011 }, "geometry": { "type": "Point", "coordinates": [ 24.56, -17.81 ] } },
{ "type": "Feature", "properties": { "Event_ID": 1148, "OIE_Reference": "EVT-1148", "Country": "Namibia", "Country_ISO": "NAM", "Disease": "Foot and mouth disease ", "Disease_ID": 437, "Subtype": null, "Causal_Agent": "Foot and mouth disease virus", "Event_Status": "Resolved", "Event_Start_Date": "2011-11-26", "Event_End_Date": "2012-03-20", "Confirmation_Date": "2011-11-30", "Report_ID": 5426, "Report_Date": "2012-07-17", "Outbreak_ID": 17594, "Outbreak_Start_Date": "2011-12-18", "Outbreak_End_Date": "2012-03-20", "Latitude": -17.94, "Longitude": 24.69, "Locality": "Ngoma Crushpen", "Epi_Unit_Type": "Village", "Admin_Division_1": "Caprivi (2005-2013)", "Admin_Division_2": null, "Admin_Division_3": null, "Affected_Population_Description": "Cattle on communal grazing with no fences to separate herds", "Species_Name": "Cattle", "Is_Wild": false, "Susceptible": 1298, "Cases": 97, "Deaths": false, "Killed": false, "Slaughtered": false, "Vaccinated": null, "outbreakYear": 2011 }, "geometry": { "type": "Point", "coordinates": [ 24.69, -17.94 ] } },
{ "type": "Feature", "properties": { "Event_ID": 1148, "OIE_Reference": "EVT-1148", "Country": "Namibia", "Country_ISO": "NAM", "Disease": "Foot and mouth disease ", "Disease_ID": 437, "Subtype": null, "Causal_Agent": "Foot and mouth disease virus", "Event_Status": "Resolved", "Event_Start_Date": "2011-11-26", "Event_End_Date": "2012-03-20", "Confirmation_Date": "2011-11-30", "Report_ID": 5426, "Report_Date": "2012-07-17", "Outbreak_ID": 17460, "Outbreak_Start_Date": "2011-12-19", "Outbreak_End_Date": "2012-03-20", "Latitude": -17.81, "Longitude": 24.81, "Locality": "Ihaha Crushpen", "Epi_Unit_Type": "Village", "Admin_Division_1": "Caprivi (2005-2013)", "Admin_Division_2": null, "Admin_Division_3": null, "Affected_Population_Description": "Cattle on communal grazing.  Area close to the location of primary outbreak.", "Species_Name": "Cattle", "Is_Wild": false, "Susceptible": 1990, "Cases": 17, "Deaths": false, "Killed": false, "Slaughtered": false, "Vaccinated": null, "outbreakYear": 2011 }, "geometry": { "type": "Point", "coordinates": [ 24.81, -17.81 ] } },
{ "type": "Feature", "properties": { "Event_ID": 1148, "OIE_Reference": "EVT-1148", "Country": "Namibia", "Country_ISO": "NAM", "Disease": "Foot and mouth disease ", "Disease_ID": 437, "Subtype": null, "Causal_Agent": "Foot and mouth disease virus", "Event_Status": "Resolved", "Event_Start_Date": "2011-11-26", "Event_End_Date": "2012-03-20", "Confirmation_Date": "2011-11-30", "Report_ID": 5426, "Report_Date": "2012-07-17", "Outbreak_ID": 17293, "Outbreak_Start_Date": "2011-11-26", "Outbreak_End_Date": "2012-03-20", "Latitude": -17.8833, "Longitude": 24.75, "Locality": "Masikili Village, Caprivi", "Epi_Unit_Type": "Village", "Admin_Division_1": "Caprivi (2005-2013)", "Admin_Division_2": null, "Admin_Division_3": null, "Affected_Population_Description": "Cattle on communal grazing", "Species_Name": "Cattle", "Is_Wild": false, "Susceptible": 1510, "Cases": 165, "Deaths": false, "Killed": false, "Slaughtered": false, "Vaccinated": null, "outbreakYear": 2011 }, "geometry": { "type": "Point", "coordinates": [ 24.75, -17.8833 ] } },
{ "type": "Feature", "properties": { "Event_ID": 1416, "OIE_Reference": "EVT-1416", "Country": "Namibia", "Country_ISO": "NAM", "Disease": "Foot and mouth disease ", "Disease_ID": 437, "Subtype": null, "Causal_Agent": "Foot and mouth disease virus", "Event_Status": "Resolved", "Event_Start_Date": "2013-08-04", "Event_End_Date": "2014-02-17", "Confirmation_Date": "2013-08-05", "Report_ID": 6553, "Report_Date": "2014-03-03", "Outbreak_ID": 22813, "Outbreak_Start_Date": "2013-08-13", "Outbreak_End_Date": "2014-02-17", "Latitude": -17.81, "Longitude": 24.69, "Locality": "Masikili", "Epi_Unit_Type": "Village", "Admin_Division_1": "Caprivi (2005-2013)", "Admin_Division_2": null, "Admin_Division_3": null, "Affected_Population_Description": "Two kraals in Masikili had respectively eight and six cattle that showed suspicious recovering FMD mouth lesions. One of these kraals was also infected in the last outbreak in 2011. Masikili area was vaccinated for FMD in February 2013 and again in June 2013.", "Species_Name": "Cattle", "Is_Wild": false, "Susceptible": 1525, "Cases": 14, "Deaths": false, "Killed": false, "Slaughtered": false, "Vaccinated": null, "outbreakYear": 2013 }, "geometry": { "type": "Point", "coordinates": [ 24.69, -17.81 ] } },
{ "type": "Feature", "properties": { "Event_ID": 1416, "OIE_Reference": "EVT-1416", "Country": "Namibia", "Country_ISO": "NAM", "Disease": "Foot and mouth disease ", "Disease_ID": 437, "Subtype": null, "Causal_Agent": "Foot and mouth disease virus", "Event_Status": "Resolved", "Event_Start_Date": "2013-08-04", "Event_End_Date": "2014-02-17", "Confirmation_Date": "2013-08-05", "Report_ID": 6553, "Report_Date": "2014-03-03", "Outbreak_ID": 22812, "Outbreak_Start_Date": "2013-08-08", "Outbreak_End_Date": "2014-02-17", "Latitude": -17.81, "Longitude": 24.56, "Locality": "Ikumwe", "Epi_Unit_Type": "Village", "Admin_Division_1": "Caprivi (2005-2013)", "Admin_Division_2": null, "Admin_Division_3": null, "Affected_Population_Description": "One kraal of 156 cattle was inspected whereby two had fresh ulcers on their tongues and 11 had old healing ulcerative lesions. This kraal was last vaccinated for FMD in March 2013.", "Species_Name": "Cattle", "Is_Wild": false, "Susceptible": 706, "Cases": 13, "Deaths": false, "Killed": false, "Slaughtered": false, "Vaccinated": null, "outbreakYear": 2013 }, "geometry": { "type": "Point", "coordinates": [ 24.56, -17.81 ] } },
{ "type": "Feature", "properties": { "Event_ID": 1416, "OIE_Reference": "EVT-1416", "Country": "Namibia", "Country_ISO": "NAM", "Disease": "Foot and mouth disease ", "Disease_ID": 437, "Subtype": null, "Causal_Agent": "Foot and mouth disease virus", "Event_Status": "Resolved", "Event_Start_Date": "2013-08-04", "Event_End_Date": "2014-02-17", "Confirmation_Date": "2013-08-05", "Report_ID": 6553, "Report_Date": "2014-03-03", "Outbreak_ID": 22763, "Outbreak_Start_Date": "2013-08-04", "Outbreak_End_Date": "2014-02-17", "Latitude": -17.81, "Longitude": 24.94, "Locality": "Ivilivinzi", "Epi_Unit_Type": "Village", "Admin_Division_1": "Caprivi (2005-2013)", "Admin_Division_2": null, "Admin_Division_3": null, "Affected_Population_Description": "The total cattle population on Ivilivinzi Village is 761 consisting of all age groups and sexes that are farmed under communal farming systems. The breed of cattle is predominantly the Sanga.During the second surveillance investigation, further seven suspicious cattle were sampled from one of the two kraals where the first suspected outbreak was reported in Ivilivinzi village. There is history that two of these cattle were purchased from Masikili village (where there is also suspicious cases) in June 2013.", "Species_Name": "Cattle", "Is_Wild": false, "Susceptible": 761, "Cases": 22, "Deaths": false, "Killed": false, "Slaughtered": false, "Vaccinated": null, "outbreakYear": 2013 }, "geometry": { "type": "Point", "coordinates": [ 24.94, -17.81 ] } },
{ "type": "Feature", "properties": { "Event_ID": 1598, "OIE_Reference": "EVT-1598", "Country": "Namibia", "Country_ISO": "NAM", "Disease": "Foot and mouth disease ", "Disease_ID": 437, "Subtype": "Pending", "Causal_Agent": "Foot and mouth disease virus", "Event_Status": "Resolved", "Event_Start_Date": "2014-08-21", "Event_End_Date": "2014-10-15", "Confirmation_Date": "2014-08-27", "Report_ID": 7182, "Report_Date": "2014-10-15", "Outbreak_ID": 26326, "Outbreak_Start_Date": "2014-08-21", "Outbreak_End_Date": "2014-10-15", "Latitude": -17.8232, "Longitude": 24.8348, "Locality": "Ihaha", "Epi_Unit_Type": "Village", "Admin_Division_1": "Caprivi (2005-2013)", "Admin_Division_2": null, "Admin_Division_3": null, "Affected_Population_Description": "Clinical signs suggestive of foot and mouth disease. Twenty-four cattle have mouth lesions (salivation and ulcers).", "Species_Name": "Cattle", "Is_Wild": false, "Susceptible": 247, "Cases": 24, "Deaths": null, "Killed": null, "Slaughtered": null, "Vaccinated": null, "outbreakYear": 2014 }, "geometry": { "type": "Point", "coordinates": [ 24.8348, -17.8232 ] } },
{ "type": "Feature", "properties": { "Event_ID": 1657, "OIE_Reference": "EVT-1657", "Country": "Namibia", "Country_ISO": "NAM", "Disease": "Foot and mouth disease ", "Disease_ID": 437, "Subtype": null, "Causal_Agent": "Foot and mouth disease virus", "Event_Status": "Resolved", "Event_Start_Date": "2014-12-01", "Event_End_Date": "2015-06-10", "Confirmation_Date": "2014-12-02", "Report_ID": 8031, "Report_Date": "2015-06-10", "Outbreak_ID": 33497, "Outbreak_Start_Date": "2014-12-01", "Outbreak_End_Date": "2015-06-10", "Latitude": -17.98912, "Longitude": 24.07803, "Locality": "Linyati", "Epi_Unit_Type": "Village", "Admin_Division_1": "Caprivi (2005-2013)", "Admin_Division_2": null, "Admin_Division_3": null, "Affected_Population_Description": "9 cattle from three kraals with a total herd of 470 heads have oral and foot lesions suggestive of foot and mouth disease.", "Species_Name": "Cattle", "Is_Wild": false, "Susceptible": 470, "Cases": 9, "Deaths": false, "Killed": null, "Slaughtered": null, "Vaccinated": null, "outbreakYear": 2014 }, "geometry": { "type": "Point", "coordinates": [ 24.07803, -17.98912 ] } },
{ "type": "Feature", "properties": { "Event_ID": 1694, "OIE_Reference": "EVT-1694", "Country": "Namibia", "Country_ISO": "NAM", "Disease": "Foot and mouth disease ", "Disease_ID": 437, "Subtype": "Not typed", "Causal_Agent": "Foot and mouth disease virus", "Event_Status": "Resolved", "Event_Start_Date": "2015-01-12", "Event_End_Date": "2016-01-25", "Confirmation_Date": "2015-01-13", "Report_ID": 8931, "Report_Date": "2016-01-25", "Outbreak_ID": 34424, "Outbreak_Start_Date": "2015-01-12", "Outbreak_End_Date": "2016-01-25", "Latitude": -18.07, "Longitude": 21.63, "Locality": "Mwitjiku", "Epi_Unit_Type": "Village", "Admin_Division_1": "Kavango East", "Admin_Division_2": null, "Admin_Division_3": null, "Affected_Population_Description": "20 cattle out of 70 in Kavango East Region with lesions suggestive of FMD.", "Species_Name": "Cattle", "Is_Wild": false, "Susceptible": 70, "Cases": 20, "Deaths": false, "Killed": false, "Slaughtered": false, "Vaccinated": null, "outbreakYear": 2015 }, "geometry": { "type": "Point", "coordinates": [ 21.63, -18.07 ] } },
{ "type": "Feature", "properties": { "Event_ID": 1753, "OIE_Reference": "EVT-1753", "Country": "Namibia", "Country_ISO": "NAM", "Disease": "Foot and mouth disease ", "Disease_ID": 437, "Subtype": null, "Causal_Agent": "Foot and mouth disease virus", "Event_Status": "Resolved", "Event_Start_Date": "2015-05-11", "Event_End_Date": "2016-01-25", "Confirmation_Date": "2015-05-13", "Report_ID": 8932, "Report_Date": "2016-01-25", "Outbreak_ID": 36862, "Outbreak_Start_Date": "2015-07-23", "Outbreak_End_Date": "2016-01-25", "Latitude": -17.28148, "Longitude": 15.25433, "Locality": "Olyavahenge", "Epi_Unit_Type": "Village", "Admin_Division_1": "Omusati", "Admin_Division_2": "Oshikoto", "Admin_Division_3": "Kavango West", "Affected_Population_Description": null, "Species_Name": "Cattle", "Is_Wild": false, "Susceptible": 15, "Cases": 3, "Deaths": false, "Killed": false, "Slaughtered": false, "Vaccinated": null, "outbreakYear": 2015 }, "geometry": { "type": "Point", "coordinates": [ 15.25433, -17.28148 ] } },
{ "type": "Feature", "properties": { "Event_ID": 1753, "OIE_Reference": "EVT-1753", "Country": "Namibia", "Country_ISO": "NAM", "Disease": "Foot and mouth disease ", "Disease_ID": 437, "Subtype": null, "Causal_Agent": "Foot and mouth disease virus", "Event_Status": "Resolved", "Event_Start_Date": "2015-05-11", "Event_End_Date": "2016-01-25", "Confirmation_Date": "2015-05-13", "Report_ID": 8932, "Report_Date": "2016-01-25", "Outbreak_ID": 36861, "Outbreak_Start_Date": "2015-07-15", "Outbreak_End_Date": "2016-01-25", "Latitude": -18.027839, "Longitude": 18.578241, "Locality": "Otjolo", "Epi_Unit_Type": "Village", "Admin_Division_1": "Oshikoto", "Admin_Division_2": "Oshikoto", "Admin_Division_3": "Kavango West", "Affected_Population_Description": null, "Species_Name": "Cattle", "Is_Wild": false, "Susceptible": 21, "Cases": 6, "Deaths": false, "Killed": false, "Slaughtered": false, "Vaccinated": null, "outbreakYear": 2015 }, "geometry": { "type": "Point", "coordinates": [ 18.578241, -18.027839 ] } },
{ "type": "Feature", "properties": { "Event_ID": 1753, "OIE_Reference": "EVT-1753", "Country": "Namibia", "Country_ISO": "NAM", "Disease": "Foot and mouth disease ", "Disease_ID": 437, "Subtype": null, "Causal_Agent": "Foot and mouth disease virus", "Event_Status": "Resolved", "Event_Start_Date": "2015-05-11", "Event_End_Date": "2016-01-25", "Confirmation_Date": "2015-05-13", "Report_ID": 8932, "Report_Date": "2016-01-25", "Outbreak_ID": 36860, "Outbreak_Start_Date": "2015-07-15", "Outbreak_End_Date": "2016-01-25", "Latitude": -18.066988, "Longitude": 17.578241, "Locality": "Ohainghete", "Epi_Unit_Type": "Village", "Admin_Division_1": "Oshikoto", "Admin_Division_2": "Oshikoto", "Admin_Division_3": "Kavango West", "Affected_Population_Description": null, "Species_Name": "Cattle", "Is_Wild": false, "Susceptible": 31, "Cases": 7, "Deaths": false, "Killed": false, "Slaughtered": false, "Vaccinated": null, "outbreakYear": 2015 }, "geometry": { "type": "Point", "coordinates": [ 17.578241, -18.066988 ] } },
{ "type": "Feature", "properties": { "Event_ID": 1753, "OIE_Reference": "EVT-1753", "Country": "Namibia", "Country_ISO": "NAM", "Disease": "Foot and mouth disease ", "Disease_ID": 437, "Subtype": null, "Causal_Agent": "Foot and mouth disease virus", "Event_Status": "Resolved", "Event_Start_Date": "2015-05-11", "Event_End_Date": "2016-01-25", "Confirmation_Date": "2015-05-13", "Report_ID": 8932, "Report_Date": "2016-01-25", "Outbreak_ID": 36859, "Outbreak_Start_Date": "2015-07-14", "Outbreak_End_Date": "2016-01-25", "Latitude": -17.47, "Longitude": 14.85, "Locality": "Ouwa Wa Nanghala", "Epi_Unit_Type": "Village", "Admin_Division_1": "Omusati", "Admin_Division_2": "Oshikoto", "Admin_Division_3": "Kavango West", "Affected_Population_Description": null, "Species_Name": "Cattle", "Is_Wild": false, "Susceptible": 17, "Cases": 1, "Deaths": false, "Killed": false, "Slaughtered": false, "Vaccinated": null, "outbreakYear": 2015 }, "geometry": { "type": "Point", "coordinates": [ 14.85, -17.47 ] } },
{ "type": "Feature", "properties": { "Event_ID": 1753, "OIE_Reference": "EVT-1753", "Country": "Namibia", "Country_ISO": "NAM", "Disease": "Foot and mouth disease ", "Disease_ID": 437, "Subtype": null, "Causal_Agent": "Foot and mouth disease virus", "Event_Status": "Resolved", "Event_Start_Date": "2015-05-11", "Event_End_Date": "2016-01-25", "Confirmation_Date": "2015-05-13", "Report_ID": 8932, "Report_Date": "2016-01-25", "Outbreak_ID": 36858, "Outbreak_Start_Date": "2015-06-30", "Outbreak_End_Date": "2016-01-25", "Latitude": -17.69, "Longitude": 18.19, "Locality": "Tujikulya Petrus Farm", "Epi_Unit_Type": "Farm", "Admin_Division_1": "Kavango West", "Admin_Division_2": "Oshikoto", "Admin_Division_3": "Kavango West", "Affected_Population_Description": null, "Species_Name": "Cattle", "Is_Wild": false, "Susceptible": 80, "Cases": 4, "Deaths": false, "Killed": false, "Slaughtered": false, "Vaccinated": null, "outbreakYear": 2015 }, "geometry": { "type": "Point", "coordinates": [ 18.19, -17.69 ] } },
{ "type": "Feature", "properties": { "Event_ID": 1753, "OIE_Reference": "EVT-1753", "Country": "Namibia", "Country_ISO": "NAM", "Disease": "Foot and mouth disease ", "Disease_ID": 437, "Subtype": null, "Causal_Agent": "Foot and mouth disease virus", "Event_Status": "Resolved", "Event_Start_Date": "2015-05-11", "Event_End_Date": "2016-01-25", "Confirmation_Date": "2015-05-13", "Report_ID": 8932, "Report_Date": "2016-01-25", "Outbreak_ID": 36857, "Outbreak_Start_Date": "2015-06-30", "Outbreak_End_Date": "2016-01-25", "Latitude": -17.56, "Longitude": 14.31, "Locality": "Okaulukwa-Etunda", "Epi_Unit_Type": "Village", "Admin_Division_1": "Omusati", "Admin_Division_2": "Oshikoto", "Admin_Division_3": "Kavango West", "Affected_Population_Description": null, "Species_Name": "Cattle", "Is_Wild": false, "Susceptible": 11, "Cases": 3, "Deaths": false, "Killed": false, "Slaughtered": false, "Vaccinated": null, "outbreakYear": 2015 }, "geometry": { "type": "Point", "coordinates": [ 14.31, -17.56 ] } },
{ "type": "Feature", "properties": { "Event_ID": 1753, "OIE_Reference": "EVT-1753", "Country": "Namibia", "Country_ISO": "NAM", "Disease": "Foot and mouth disease ", "Disease_ID": 437, "Subtype": null, "Causal_Agent": "Foot and mouth disease virus", "Event_Status": "Resolved", "Event_Start_Date": "2015-05-11", "Event_End_Date": "2016-01-25", "Confirmation_Date": "2015-05-13", "Report_ID": 8932, "Report_Date": "2016-01-25", "Outbreak_ID": 36856, "Outbreak_Start_Date": "2015-06-18", "Outbreak_End_Date": "2016-01-25", "Latitude": -18.22353, "Longitude": 18.12494, "Locality": "Kwaki-Sondorokeni Farm", "Epi_Unit_Type": "Farm", "Admin_Division_1": "Kavango West", "Admin_Division_2": "Oshikoto", "Admin_Division_3": "Kavango West", "Affected_Population_Description": null, "Species_Name": "Cattle", "Is_Wild": false, "Susceptible": 87, "Cases": 1, "Deaths": false, "Killed": false, "Slaughtered": false, "Vaccinated": null, "outbreakYear": 2015 }, "geometry": { "type": "Point", "coordinates": [ 18.12494, -18.22353 ] } },
{ "type": "Feature", "properties": { "Event_ID": 1753, "OIE_Reference": "EVT-1753", "Country": "Namibia", "Country_ISO": "NAM", "Disease": "Foot and mouth disease ", "Disease_ID": 437, "Subtype": null, "Causal_Agent": "Foot and mouth disease virus", "Event_Status": "Resolved", "Event_Start_Date": "2015-05-11", "Event_End_Date": "2016-01-25", "Confirmation_Date": "2015-05-13", "Report_ID": 8932, "Report_Date": "2016-01-25", "Outbreak_ID": 36852, "Outbreak_Start_Date": "2015-06-08", "Outbreak_End_Date": "2016-01-25", "Latitude": -17.44, "Longitude": 16.06, "Locality": "Onanghwe", "Epi_Unit_Type": "Village", "Admin_Division_1": "Ohangwena", "Admin_Division_2": "Oshikoto", "Admin_Division_3": "Kavango West", "Affected_Population_Description": null, "Species_Name": "Cattle", "Is_Wild": false, "Susceptible": 3, "Cases": 2, "Deaths": false, "Killed": false, "Slaughtered": false, "Vaccinated": null, "outbreakYear": 2015 }, "geometry": { "type": "Point", "coordinates": [ 16.06, -17.44 ] } },
{ "type": "Feature", "properties": { "Event_ID": 1753, "OIE_Reference": "EVT-1753", "Country": "Namibia", "Country_ISO": "NAM", "Disease": "Foot and mouth disease ", "Disease_ID": 437, "Subtype": null, "Causal_Agent": "Foot and mouth disease virus", "Event_Status": "Resolved", "Event_Start_Date": "2015-05-11", "Event_End_Date": "2016-01-25", "Confirmation_Date": "2015-05-13", "Report_ID": 8932, "Report_Date": "2016-01-25", "Outbreak_ID": 36850, "Outbreak_Start_Date": "2015-06-05", "Outbreak_End_Date": "2016-01-25", "Latitude": -17.99, "Longitude": 17.06, "Locality": "Onanime", "Epi_Unit_Type": "Village", "Admin_Division_1": "Ohangwena", "Admin_Division_2": "Oshikoto", "Admin_Division_3": "Kavango West", "Affected_Population_Description": null, "Species_Name": "Cattle", "Is_Wild": false, "Susceptible": 40, "Cases": 3, "Deaths": false, "Killed": false, "Slaughtered": false, "Vaccinated": null, "outbreakYear": 2015 }, "geometry": { "type": "Point", "coordinates": [ 17.06, -17.99 ] } },
{ "type": "Feature", "properties": { "Event_ID": 1753, "OIE_Reference": "EVT-1753", "Country": "Namibia", "Country_ISO": "NAM", "Disease": "Foot and mouth disease ", "Disease_ID": 437, "Subtype": null, "Causal_Agent": "Foot and mouth disease virus", "Event_Status": "Resolved", "Event_Start_Date": "2015-05-11", "Event_End_Date": "2016-01-25", "Confirmation_Date": "2015-05-13", "Report_ID": 8932, "Report_Date": "2016-01-25", "Outbreak_ID": 36848, "Outbreak_Start_Date": "2015-06-05", "Outbreak_End_Date": "2016-01-25", "Latitude": -17.77, "Longitude": 16.8, "Locality": "Oshandi", "Epi_Unit_Type": "Village", "Admin_Division_1": "Ohangwena", "Admin_Division_2": "Oshikoto", "Admin_Division_3": "Kavango West", "Affected_Population_Description": null, "Species_Name": "Cattle", "Is_Wild": false, "Susceptible": 45, "Cases": 4, "Deaths": false, "Killed": false, "Slaughtered": false, "Vaccinated": null, "outbreakYear": 2015 }, "geometry": { "type": "Point", "coordinates": [ 16.8, -17.77 ] } },
{ "type": "Feature", "properties": { "Event_ID": 1753, "OIE_Reference": "EVT-1753", "Country": "Namibia", "Country_ISO": "NAM", "Disease": "Foot and mouth disease ", "Disease_ID": 437, "Subtype": null, "Causal_Agent": "Foot and mouth disease virus", "Event_Status": "Resolved", "Event_Start_Date": "2015-05-11", "Event_End_Date": "2016-01-25", "Confirmation_Date": "2015-05-13", "Report_ID": 8932, "Report_Date": "2016-01-25", "Outbreak_ID": 36182, "Outbreak_Start_Date": "2015-06-03", "Outbreak_End_Date": "2016-01-25", "Latitude": -17.49, "Longitude": 15.79, "Locality": "Nandeu", "Epi_Unit_Type": "Village", "Admin_Division_1": "Kavango West", "Admin_Division_2": "Oshikoto", "Admin_Division_3": "Kavango West", "Affected_Population_Description": null, "Species_Name": "Cattle", "Is_Wild": false, "Susceptible": 18, "Cases": 2, "Deaths": false, "Killed": false, "Slaughtered": false, "Vaccinated": null, "outbreakYear": 2015 }, "geometry": { "type": "Point", "coordinates": [ 15.79, -17.49 ] } },
{ "type": "Feature", "properties": { "Event_ID": 1753, "OIE_Reference": "EVT-1753", "Country": "Namibia", "Country_ISO": "NAM", "Disease": "Foot and mouth disease ", "Disease_ID": 437, "Subtype": null, "Causal_Agent": "Foot and mouth disease virus", "Event_Status": "Resolved", "Event_Start_Date": "2015-05-11", "Event_End_Date": "2016-01-25", "Confirmation_Date": "2015-05-13", "Report_ID": 8932, "Report_Date": "2016-01-25", "Outbreak_ID": 36181, "Outbreak_Start_Date": "2015-05-27", "Outbreak_End_Date": "2016-01-25", "Latitude": -17.66665, "Longitude": 16.69758, "Locality": "Epasha", "Epi_Unit_Type": "Village", "Admin_Division_1": "Ohangwena", "Admin_Division_2": "Oshikoto", "Admin_Division_3": "Kavango West", "Affected_Population_Description": null, "Species_Name": "Cattle", "Is_Wild": false, "Susceptible": 14, "Cases": 8, "Deaths": false, "Killed": false, "Slaughtered": false, "Vaccinated": null, "outbreakYear": 2015 }, "geometry": { "type": "Point", "coordinates": [ 16.69758, -17.66665 ] } },
{ "type": "Feature", "properties": { "Event_ID": 1753, "OIE_Reference": "EVT-1753", "Country": "Namibia", "Country_ISO": "NAM", "Disease": "Foot and mouth disease ", "Disease_ID": 437, "Subtype": null, "Causal_Agent": "Foot and mouth disease virus", "Event_Status": "Resolved", "Event_Start_Date": "2015-05-11", "Event_End_Date": "2016-01-25", "Confirmation_Date": "2015-05-13", "Report_ID": 8932, "Report_Date": "2016-01-25", "Outbreak_ID": 36180, "Outbreak_Start_Date": "2015-05-26", "Outbreak_End_Date": "2016-01-25", "Latitude": -17.44147, "Longitude": 16.63593, "Locality": "Oshipala", "Epi_Unit_Type": "Village", "Admin_Division_1": "Ohangwena", "Admin_Division_2": "Oshikoto", "Admin_Division_3": "Kavango West", "Affected_Population_Description": null, "Species_Name": "Cattle", "Is_Wild": false, "Susceptible": 106, "Cases": 13, "Deaths": false, "Killed": false, "Slaughtered": false, "Vaccinated": null, "outbreakYear": 2015 }, "geometry": { "type": "Point", "coordinates": [ 16.63593, -17.44147 ] } },
{ "type": "Feature", "properties": { "Event_ID": 1753, "OIE_Reference": "EVT-1753", "Country": "Namibia", "Country_ISO": "NAM", "Disease": "Foot and mouth disease ", "Disease_ID": 437, "Subtype": null, "Causal_Agent": "Foot and mouth disease virus", "Event_Status": "Resolved", "Event_Start_Date": "2015-05-11", "Event_End_Date": "2016-01-25", "Confirmation_Date": "2015-05-13", "Report_ID": 8932, "Report_Date": "2016-01-25", "Outbreak_ID": 36179, "Outbreak_Start_Date": "2015-05-25", "Outbreak_End_Date": "2016-01-25", "Latitude": -17.54787, "Longitude": 16.63342, "Locality": "Omwii (Omito)", "Epi_Unit_Type": "Village", "Admin_Division_1": "Ohangwena", "Admin_Division_2": "Oshikoto", "Admin_Division_3": "Kavango West", "Affected_Population_Description": null, "Species_Name": "Cattle", "Is_Wild": false, "Susceptible": 14, "Cases": 8, "Deaths": false, "Killed": false, "Slaughtered": false, "Vaccinated": null, "outbreakYear": 2015 }, "geometry": { "type": "Point", "coordinates": [ 16.63342, -17.54787 ] } },
{ "type": "Feature", "properties": { "Event_ID": 1753, "OIE_Reference": "EVT-1753", "Country": "Namibia", "Country_ISO": "NAM", "Disease": "Foot and mouth disease ", "Disease_ID": 437, "Subtype": null, "Causal_Agent": "Foot and mouth disease virus", "Event_Status": "Resolved", "Event_Start_Date": "2015-05-11", "Event_End_Date": "2016-01-25", "Confirmation_Date": "2015-05-13", "Report_ID": 8932, "Report_Date": "2016-01-25", "Outbreak_ID": 36178, "Outbreak_Start_Date": "2015-05-29", "Outbreak_End_Date": "2016-01-25", "Latitude": -17.4, "Longitude": 17.22, "Locality": "Oshikome", "Epi_Unit_Type": "Village", "Admin_Division_1": "Ohangwena", "Admin_Division_2": "Oshikoto", "Admin_Division_3": "Kavango West", "Affected_Population_Description": null, "Species_Name": "Cattle", "Is_Wild": false, "Susceptible": 150, "Cases": 4, "Deaths": false, "Killed": false, "Slaughtered": false, "Vaccinated": null, "outbreakYear": 2015 }, "geometry": { "type": "Point", "coordinates": [ 17.22, -17.4 ] } },
{ "type": "Feature", "properties": { "Event_ID": 1753, "OIE_Reference": "EVT-1753", "Country": "Namibia", "Country_ISO": "NAM", "Disease": "Foot and mouth disease ", "Disease_ID": 437, "Subtype": null, "Causal_Agent": "Foot and mouth disease virus", "Event_Status": "Resolved", "Event_Start_Date": "2015-05-11", "Event_End_Date": "2016-01-25", "Confirmation_Date": "2015-05-13", "Report_ID": 8932, "Report_Date": "2016-01-25", "Outbreak_ID": 36177, "Outbreak_Start_Date": "2015-05-20", "Outbreak_End_Date": "2016-01-25", "Latitude": -17.446, "Longitude": 16.078, "Locality": "Etomba", "Epi_Unit_Type": "Village", "Admin_Division_1": "Ohangwena", "Admin_Division_2": "Oshikoto", "Admin_Division_3": "Kavango West", "Affected_Population_Description": null, "Species_Name": "Cattle", "Is_Wild": false, "Susceptible": 4, "Cases": 4, "Deaths": false, "Killed": false, "Slaughtered": false, "Vaccinated": null, "outbreakYear": 2015 }, "geometry": { "type": "Point", "coordinates": [ 16.078, -17.446 ] } },
{ "type": "Feature", "properties": { "Event_ID": 1753, "OIE_Reference": "EVT-1753", "Country": "Namibia", "Country_ISO": "NAM", "Disease": "Foot and mouth disease ", "Disease_ID": 437, "Subtype": null, "Causal_Agent": "Foot and mouth disease virus", "Event_Status": "Resolved", "Event_Start_Date": "2015-05-11", "Event_End_Date": "2016-01-25", "Confirmation_Date": "2015-05-13", "Report_ID": 8932, "Report_Date": "2016-01-25", "Outbreak_ID": 36088, "Outbreak_Start_Date": "2015-06-03", "Outbreak_End_Date": "2016-01-25", "Latitude": -17.6, "Longitude": 15.25, "Locality": "Okafitu-konghayi", "Epi_Unit_Type": "Village", "Admin_Division_1": "Omusati", "Admin_Division_2": "Oshikoto", "Admin_Division_3": "Kavango West", "Affected_Population_Description": null, "Species_Name": "Cattle", "Is_Wild": false, "Susceptible": 7, "Cases": 7, "Deaths": false, "Killed": false, "Slaughtered": false, "Vaccinated": null, "outbreakYear": 2015 }, "geometry": { "type": "Point", "coordinates": [ 15.25, -17.6 ] } },
{ "type": "Feature", "properties": { "Event_ID": 1753, "OIE_Reference": "EVT-1753", "Country": "Namibia", "Country_ISO": "NAM", "Disease": "Foot and mouth disease ", "Disease_ID": 437, "Subtype": null, "Causal_Agent": "Foot and mouth disease virus", "Event_Status": "Resolved", "Event_Start_Date": "2015-05-11", "Event_End_Date": "2016-01-25", "Confirmation_Date": "2015-05-13", "Report_ID": 8932, "Report_Date": "2016-01-25", "Outbreak_ID": 36087, "Outbreak_Start_Date": "2015-06-05", "Outbreak_End_Date": "2016-01-25", "Latitude": -17.42484, "Longitude": 18.0002, "Locality": "Musinda farm", "Epi_Unit_Type": "Farm", "Admin_Division_1": "Kavango West", "Admin_Division_2": "Oshikoto", "Admin_Division_3": "Kavango West", "Affected_Population_Description": null, "Species_Name": "Cattle", "Is_Wild": false, "Susceptible": 325, "Cases": 3, "Deaths": false, "Killed": false, "Slaughtered": false, "Vaccinated": null, "outbreakYear": 2015 }, "geometry": { "type": "Point", "coordinates": [ 18.0002, -17.42484 ] } },
{ "type": "Feature", "properties": { "Event_ID": 1753, "OIE_Reference": "EVT-1753", "Country": "Namibia", "Country_ISO": "NAM", "Disease": "Foot and mouth disease ", "Disease_ID": 437, "Subtype": null, "Causal_Agent": "Foot and mouth disease virus", "Event_Status": "Resolved", "Event_Start_Date": "2015-05-11", "Event_End_Date": "2016-01-25", "Confirmation_Date": "2015-05-13", "Report_ID": 8932, "Report_Date": "2016-01-25", "Outbreak_ID": 36086, "Outbreak_Start_Date": "2015-06-02", "Outbreak_End_Date": "2016-01-25", "Latitude": -17.91, "Longitude": 17.11, "Locality": "Ohahati", "Epi_Unit_Type": "Village", "Admin_Division_1": "Oshikoto", "Admin_Division_2": "Oshikoto", "Admin_Division_3": "Kavango West", "Affected_Population_Description": null, "Species_Name": "Cattle", "Is_Wild": false, "Susceptible": 1, "Cases": 1, "Deaths": false, "Killed": false, "Slaughtered": false, "Vaccinated": null, "outbreakYear": 2015 }, "geometry": { "type": "Point", "coordinates": [ 17.11, -17.91 ] } },
{ "type": "Feature", "properties": { "Event_ID": 1753, "OIE_Reference": "EVT-1753", "Country": "Namibia", "Country_ISO": "NAM", "Disease": "Foot and mouth disease ", "Disease_ID": 437, "Subtype": null, "Causal_Agent": "Foot and mouth disease virus", "Event_Status": "Resolved", "Event_Start_Date": "2015-05-11", "Event_End_Date": "2016-01-25", "Confirmation_Date": "2015-05-13", "Report_ID": 8932, "Report_Date": "2016-01-25", "Outbreak_ID": 36085, "Outbreak_Start_Date": "2015-05-19", "Outbreak_End_Date": "2016-01-25", "Latitude": -17.446, "Longitude": 16.078, "Locality": "Etomba", "Epi_Unit_Type": "Village", "Admin_Division_1": "Ohangwena", "Admin_Division_2": "Oshikoto", "Admin_Division_3": "Kavango West", "Affected_Population_Description": null, "Species_Name": "Cattle", "Is_Wild": false, "Susceptible": 7, "Cases": 6, "Deaths": false, "Killed": false, "Slaughtered": false, "Vaccinated": null, "outbreakYear": 2015 }, "geometry": { "type": "Point", "coordinates": [ 16.078, -17.446 ] } },
{ "type": "Feature", "properties": { "Event_ID": 1753, "OIE_Reference": "EVT-1753", "Country": "Namibia", "Country_ISO": "NAM", "Disease": "Foot and mouth disease ", "Disease_ID": 437, "Subtype": null, "Causal_Agent": "Foot and mouth disease virus", "Event_Status": "Resolved", "Event_Start_Date": "2015-05-11", "Event_End_Date": "2016-01-25", "Confirmation_Date": "2015-05-13", "Report_ID": 8932, "Report_Date": "2016-01-25", "Outbreak_ID": 36084, "Outbreak_Start_Date": "2015-05-20", "Outbreak_End_Date": "2016-01-25", "Latitude": -18.08, "Longitude": 18.08, "Locality": "Onengali", "Epi_Unit_Type": "Village", "Admin_Division_1": "Ohangwena", "Admin_Division_2": "Oshikoto", "Admin_Division_3": "Kavango West", "Affected_Population_Description": null, "Species_Name": "Cattle", "Is_Wild": false, "Susceptible": 8, "Cases": 3, "Deaths": false, "Killed": false, "Slaughtered": false, "Vaccinated": null, "outbreakYear": 2015 }, "geometry": { "type": "Point", "coordinates": [ 18.08, -18.08 ] } },
{ "type": "Feature", "properties": { "Event_ID": 1753, "OIE_Reference": "EVT-1753", "Country": "Namibia", "Country_ISO": "NAM", "Disease": "Foot and mouth disease ", "Disease_ID": 437, "Subtype": null, "Causal_Agent": "Foot and mouth disease virus", "Event_Status": "Resolved", "Event_Start_Date": "2015-05-11", "Event_End_Date": "2016-01-25", "Confirmation_Date": "2015-05-13", "Report_ID": 8932, "Report_Date": "2016-01-25", "Outbreak_ID": 36083, "Outbreak_Start_Date": "2015-05-25", "Outbreak_End_Date": "2016-01-25", "Latitude": -17.6, "Longitude": 17.22, "Locality": "Omupembe", "Epi_Unit_Type": "Village", "Admin_Division_1": "Ohangwena", "Admin_Division_2": "Oshikoto", "Admin_Division_3": "Kavango West", "Affected_Population_Description": null, "Species_Name": "Cattle", "Is_Wild": false, "Susceptible": 38, "Cases": 2, "Deaths": false, "Killed": false, "Slaughtered": false, "Vaccinated": null, "outbreakYear": 2015 }, "geometry": { "type": "Point", "coordinates": [ 17.22, -17.6 ] } },
{ "type": "Feature", "properties": { "Event_ID": 1753, "OIE_Reference": "EVT-1753", "Country": "Namibia", "Country_ISO": "NAM", "Disease": "Foot and mouth disease ", "Disease_ID": 437, "Subtype": null, "Causal_Agent": "Foot and mouth disease virus", "Event_Status": "Resolved", "Event_Start_Date": "2015-05-11", "Event_End_Date": "2016-01-25", "Confirmation_Date": "2015-05-13", "Report_ID": 8932, "Report_Date": "2016-01-25", "Outbreak_ID": 36082, "Outbreak_Start_Date": "2015-05-26", "Outbreak_End_Date": "2016-01-25", "Latitude": -17.39517, "Longitude": 16.87593, "Locality": "Onaimbungu", "Epi_Unit_Type": "Village", "Admin_Division_1": "Ohangwena", "Admin_Division_2": "Oshikoto", "Admin_Division_3": "Kavango West", "Affected_Population_Description": null, "Species_Name": "Cattle", "Is_Wild": false, "Susceptible": 100, "Cases": 12, "Deaths": false, "Killed": false, "Slaughtered": false, "Vaccinated": null, "outbreakYear": 2015 }, "geometry": { "type": "Point", "coordinates": [ 16.87593, -17.39517 ] } },
{ "type": "Feature", "properties": { "Event_ID": 1753, "OIE_Reference": "EVT-1753", "Country": "Namibia", "Country_ISO": "NAM", "Disease": "Foot and mouth disease ", "Disease_ID": 437, "Subtype": null, "Causal_Agent": "Foot and mouth disease virus", "Event_Status": "Resolved", "Event_Start_Date": "2015-05-11", "Event_End_Date": "2016-01-25", "Confirmation_Date": "2015-05-13", "Report_ID": 8932, "Report_Date": "2016-01-25", "Outbreak_ID": 35836, "Outbreak_Start_Date": "2015-05-11", "Outbreak_End_Date": "2016-01-25", "Latitude": -17.401, "Longitude": 17.983, "Locality": "Okongo", "Epi_Unit_Type": "Village", "Admin_Division_1": "Ohangwena", "Admin_Division_2": "Oshikoto", "Admin_Division_3": "Kavango West", "Affected_Population_Description": null, "Species_Name": "Cattle", "Is_Wild": false, "Susceptible": 1945, "Cases": 81, "Deaths": false, "Killed": false, "Slaughtered": false, "Vaccinated": null, "outbreakYear": 2015 }, "geometry": { "type": "Point", "coordinates": [ 17.983, -17.401 ] } },
{ "type": "Feature", "properties": { "Event_ID": 1753, "OIE_Reference": "EVT-1753", "Country": "Namibia", "Country_ISO": "NAM", "Disease": "Foot and mouth disease ", "Disease_ID": 437, "Subtype": null, "Causal_Agent": "Foot and mouth disease virus", "Event_Status": "Resolved", "Event_Start_Date": "2015-05-11", "Event_End_Date": "2016-01-25", "Confirmation_Date": "2015-05-13", "Report_ID": 8932, "Report_Date": "2016-01-25", "Outbreak_ID": 35632, "Outbreak_Start_Date": "2015-05-11", "Outbreak_End_Date": "2016-01-25", "Latitude": -17.39767, "Longitude": 17.41624, "Locality": "Okalupalona", "Epi_Unit_Type": "Village", "Admin_Division_1": "Ohangwena", "Admin_Division_2": "Oshikoto", "Admin_Division_3": "Kavango West", "Affected_Population_Description": null, "Species_Name": "Cattle", "Is_Wild": false, "Susceptible": 3498, "Cases": 7, "Deaths": false, "Killed": false, "Slaughtered": false, "Vaccinated": null, "outbreakYear": 2015 }, "geometry": { "type": "Point", "coordinates": [ 17.41624, -17.39767 ] } },
{ "type": "Feature", "properties": { "Event_ID": 1753, "OIE_Reference": "EVT-1753", "Country": "Namibia", "Country_ISO": "NAM", "Disease": "Foot and mouth disease ", "Disease_ID": 437, "Subtype": null, "Causal_Agent": "Foot and mouth disease virus", "Event_Status": "Resolved", "Event_Start_Date": "2015-05-11", "Event_End_Date": "2016-01-25", "Confirmation_Date": "2015-05-13", "Report_ID": 8932, "Report_Date": "2016-01-25", "Outbreak_ID": 35631, "Outbreak_Start_Date": "2015-05-13", "Outbreak_End_Date": "2016-01-25", "Latitude": -17.95, "Longitude": 16.47, "Locality": "Egolo", "Epi_Unit_Type": "Village", "Admin_Division_1": "Oshikoto", "Admin_Division_2": "Oshikoto", "Admin_Division_3": "Kavango West", "Affected_Population_Description": null, "Species_Name": "Cattle", "Is_Wild": false, "Susceptible": 3498, "Cases": 7, "Deaths": false, "Killed": false, "Slaughtered": false, "Vaccinated": null, "outbreakYear": 2015 }, "geometry": { "type": "Point", "coordinates": [ 16.47, -17.95 ] } },
{ "type": "Feature", "properties": { "Event_ID": 1753, "OIE_Reference": "EVT-1753", "Country": "Namibia", "Country_ISO": "NAM", "Disease": "Foot and mouth disease ", "Disease_ID": 437, "Subtype": null, "Causal_Agent": "Foot and mouth disease virus", "Event_Status": "Resolved", "Event_Start_Date": "2015-05-11", "Event_End_Date": "2016-01-25", "Confirmation_Date": "2015-05-13", "Report_ID": 8932, "Report_Date": "2016-01-25", "Outbreak_ID": 35613, "Outbreak_Start_Date": "2015-05-11", "Outbreak_End_Date": "2016-01-25", "Latitude": -17.439, "Longitude": 17.645, "Locality": "Ondama Yomunghete", "Epi_Unit_Type": "Village", "Admin_Division_1": "Ohangwena", "Admin_Division_2": "Oshikoto", "Admin_Division_3": "Kavango West", "Affected_Population_Description": "14 cattle out of a population of 2,458 were found to have oral and hoof lesions suspected to be of foot and mouth disease.", "Species_Name": "Cattle", "Is_Wild": false, "Susceptible": 2458, "Cases": 14, "Deaths": false, "Killed": false, "Slaughtered": false, "Vaccinated": null, "outbreakYear": 2015 }, "geometry": { "type": "Point", "coordinates": [ 17.645, -17.439 ] } },
{ "type": "Feature", "properties": { "Event_ID": 1792, "OIE_Reference": "EVT-1792", "Country": "Namibia", "Country_ISO": "NAM", "Disease": "Foot and mouth disease ", "Disease_ID": 437, "Subtype": null, "Causal_Agent": "Foot and mouth disease virus", "Event_Status": "Resolved", "Event_Start_Date": "2015-07-10", "Event_End_Date": "2016-01-25", "Confirmation_Date": "2015-07-12", "Report_ID": 8935, "Report_Date": "2016-01-25", "Outbreak_ID": 36334, "Outbreak_Start_Date": "2015-07-10", "Outbreak_End_Date": "2016-01-25", "Latitude": -17.95, "Longitude": 24.13, "Locality": "Shaile-Kweha Island", "Epi_Unit_Type": "Village", "Admin_Division_1": "Zambezi", "Admin_Division_2": null, "Admin_Division_3": null, "Affected_Population_Description": "36 cattle from 4 different kraals at Shaile-Kweha Island were found to have lesions suspected of foot and mouth disease. The total cattle population of the village is 849.", "Species_Name": "Cattle", "Is_Wild": false, "Susceptible": 849, "Cases": 36, "Deaths": false, "Killed": false, "Slaughtered": false, "Vaccinated": null, "outbreakYear": 2015 }, "geometry": { "type": "Point", "coordinates": [ 24.13, -17.95 ] } },
{ "type": "Feature", "properties": { "Event_ID": 1792, "OIE_Reference": "EVT-1792", "Country": "Namibia", "Country_ISO": "NAM", "Disease": "Foot and mouth disease ", "Disease_ID": 437, "Subtype": null, "Causal_Agent": "Foot and mouth disease virus", "Event_Status": "Resolved", "Event_Start_Date": "2015-07-10", "Event_End_Date": "2016-01-25", "Confirmation_Date": "2015-07-12", "Report_ID": 8935, "Report_Date": "2016-01-25", "Outbreak_ID": 36333, "Outbreak_Start_Date": "2015-07-10", "Outbreak_End_Date": "2016-01-25", "Latitude": -17.94, "Longitude": 24.19, "Locality": "Malundu", "Epi_Unit_Type": "Village", "Admin_Division_1": "Zambezi", "Admin_Division_2": null, "Admin_Division_3": null, "Affected_Population_Description": "Three out of a population of 604 were found to have lesions suspected of foot and mouth disease. The cattle are salivating and have blisters and ulcers on tongues, dental pads and inter-digital spaces.", "Species_Name": "Cattle", "Is_Wild": false, "Susceptible": 604, "Cases": 3, "Deaths": false, "Killed": false, "Slaughtered": false, "Vaccinated": null, "outbreakYear": 2015 }, "geometry": { "type": "Point", "coordinates": [ 24.19, -17.94 ] } },
{ "type": "Feature", "properties": { "Event_ID": 2322, "OIE_Reference": "EVT-2322", "Country": "Namibia", "Country_ISO": "NAM", "Disease": "Foot and mouth disease ", "Disease_ID": 437, "Subtype": null, "Causal_Agent": "Foot and mouth disease virus", "Event_Status": "Resolved", "Event_Start_Date": "2017-07-12", "Event_End_Date": "2018-02-13", "Confirmation_Date": "2017-07-14", "Report_ID": 12628, "Report_Date": "2018-02-13", "Outbreak_ID": 51525, "Outbreak_Start_Date": "2017-09-12", "Outbreak_End_Date": "2018-02-13", "Latitude": -17.81, "Longitude": 24.81, "Locality": "Ihaha", "Epi_Unit_Type": "Village", "Admin_Division_1": "Zambezi", "Admin_Division_2": null, "Admin_Division_3": null, "Affected_Population_Description": null, "Species_Name": "Cattle", "Is_Wild": false, "Susceptible": 1500, "Cases": 22, "Deaths": false, "Killed": false, "Slaughtered": false, "Vaccinated": null, "outbreakYear": 2017 }, "geometry": { "type": "Point", "coordinates": [ 24.81, -17.81 ] } },
{ "type": "Feature", "properties": { "Event_ID": 2322, "OIE_Reference": "EVT-2322", "Country": "Namibia", "Country_ISO": "NAM", "Disease": "Foot and mouth disease ", "Disease_ID": 437, "Subtype": null, "Causal_Agent": "Foot and mouth disease virus", "Event_Status": "Resolved", "Event_Start_Date": "2017-07-12", "Event_End_Date": "2018-02-13", "Confirmation_Date": "2017-07-14", "Report_ID": 12628, "Report_Date": "2018-02-13", "Outbreak_ID": 51177, "Outbreak_Start_Date": "2017-08-09", "Outbreak_End_Date": "2018-02-13", "Latitude": -17.78, "Longitude": 25.15, "Locality": "Koza Village", "Epi_Unit_Type": "Village", "Admin_Division_1": "Zambezi", "Admin_Division_2": null, "Admin_Division_3": null, "Affected_Population_Description": null, "Species_Name": "Cattle", "Is_Wild": false, "Susceptible": 101, "Cases": 3, "Deaths": false, "Killed": false, "Slaughtered": false, "Vaccinated": null, "outbreakYear": 2017 }, "geometry": { "type": "Point", "coordinates": [ 25.15, -17.78 ] } },
{ "type": "Feature", "properties": { "Event_ID": 2322, "OIE_Reference": "EVT-2322", "Country": "Namibia", "Country_ISO": "NAM", "Disease": "Foot and mouth disease ", "Disease_ID": 437, "Subtype": null, "Causal_Agent": "Foot and mouth disease virus", "Event_Status": "Resolved", "Event_Start_Date": "2017-07-12", "Event_End_Date": "2018-02-13", "Confirmation_Date": "2017-07-14", "Report_ID": 12628, "Report_Date": "2018-02-13", "Outbreak_ID": 51173, "Outbreak_Start_Date": "2017-07-24", "Outbreak_End_Date": "2018-02-13", "Latitude": -17.72, "Longitude": 25.11, "Locality": "Kalala", "Epi_Unit_Type": "Village", "Admin_Division_1": "Zambezi", "Admin_Division_2": null, "Admin_Division_3": null, "Affected_Population_Description": null, "Species_Name": "Cattle", "Is_Wild": false, "Susceptible": 1500, "Cases": 5, "Deaths": false, "Killed": false, "Slaughtered": false, "Vaccinated": null, "outbreakYear": 2017 }, "geometry": { "type": "Point", "coordinates": [ 25.11, -17.72 ] } },
{ "type": "Feature", "properties": { "Event_ID": 2322, "OIE_Reference": "EVT-2322", "Country": "Namibia", "Country_ISO": "NAM", "Disease": "Foot and mouth disease ", "Disease_ID": 437, "Subtype": null, "Causal_Agent": "Foot and mouth disease virus", "Event_Status": "Resolved", "Event_Start_Date": "2017-07-12", "Event_End_Date": "2018-02-13", "Confirmation_Date": "2017-07-14", "Report_ID": 12628, "Report_Date": "2018-02-13", "Outbreak_ID": 51172, "Outbreak_Start_Date": "2017-07-24", "Outbreak_End_Date": "2018-02-13", "Latitude": -17.81, "Longitude": 24.06, "Locality": "Musele Island-Kasika Crushpen", "Epi_Unit_Type": "Village", "Admin_Division_1": "Zambezi", "Admin_Division_2": null, "Admin_Division_3": null, "Affected_Population_Description": null, "Species_Name": "Cattle", "Is_Wild": false, "Susceptible": 1000, "Cases": 8, "Deaths": false, "Killed": false, "Slaughtered": false, "Vaccinated": null, "outbreakYear": 2017 }, "geometry": { "type": "Point", "coordinates": [ 24.06, -17.81 ] } },
{ "type": "Feature", "properties": { "Event_ID": 2322, "OIE_Reference": "EVT-2322", "Country": "Namibia", "Country_ISO": "NAM", "Disease": "Foot and mouth disease ", "Disease_ID": 437, "Subtype": null, "Causal_Agent": "Foot and mouth disease virus", "Event_Status": "Resolved", "Event_Start_Date": "2017-07-12", "Event_End_Date": "2018-02-13", "Confirmation_Date": "2017-07-14", "Report_ID": 12628, "Report_Date": "2018-02-13", "Outbreak_ID": 50862, "Outbreak_Start_Date": "2017-07-27", "Outbreak_End_Date": "2018-02-13", "Latitude": -17.81, "Longitude": 24.06, "Locality": "Musele Island-Kasika Crushpen", "Epi_Unit_Type": "Village", "Admin_Division_1": "Zambezi", "Admin_Division_2": null, "Admin_Division_3": null, "Affected_Population_Description": "Cattle showing signs consistent with FMD (inter-digital ulcers, coronary band ulcers, ulcers on tongue, ulcers on dental pads) within the vicinity of the kraal that tested positive to FMD. The ulcers are mainly in early healing stage and late healing stage.", "Species_Name": "Cattle", "Is_Wild": false, "Susceptible": 500, "Cases": 15, "Deaths": false, "Killed": false, "Slaughtered": false, "Vaccinated": null, "outbreakYear": 2017 }, "geometry": { "type": "Point", "coordinates": [ 24.06, -17.81 ] } },
{ "type": "Feature", "properties": { "Event_ID": 2322, "OIE_Reference": "EVT-2322", "Country": "Namibia", "Country_ISO": "NAM", "Disease": "Foot and mouth disease ", "Disease_ID": 437, "Subtype": null, "Causal_Agent": "Foot and mouth disease virus", "Event_Status": "Resolved", "Event_Start_Date": "2017-07-12", "Event_End_Date": "2018-02-13", "Confirmation_Date": "2017-07-14", "Report_ID": 12628, "Report_Date": "2018-02-13", "Outbreak_ID": 50603, "Outbreak_Start_Date": "2017-07-12", "Outbreak_End_Date": "2018-02-13", "Latitude": -17.81, "Longitude": 24.06, "Locality": "Musele Island-Kasika Crushpen", "Epi_Unit_Type": "Village", "Admin_Division_1": "Zambezi", "Admin_Division_2": null, "Admin_Division_3": null, "Affected_Population_Description": null, "Species_Name": "Cattle", "Is_Wild": false, "Susceptible": 400, "Cases": 9, "Deaths": false, "Killed": false, "Slaughtered": false, "Vaccinated": null, "outbreakYear": 2017 }, "geometry": { "type": "Point", "coordinates": [ 24.06, -17.81 ] } },
{ "type": "Feature", "properties": { "Event_ID": 2996, "OIE_Reference": "EVT-2996", "Country": "Namibia", "Country_ISO": "NAM", "Disease": "Foot and mouth disease virus (Inf. with) ", "Disease_ID": 437, "Subtype": null, "Causal_Agent": "Foot and mouth disease virus", "Event_Status": "Resolved", "Event_Start_Date": "2019-08-08", "Event_End_Date": "2020-02-12", "Confirmation_Date": "2019-08-12", "Report_ID": 17488, "Report_Date": "2020-04-27", "Outbreak_ID": 68659, "Outbreak_Start_Date": "2019-12-13", "Outbreak_End_Date": "2020-02-12", "Latitude": -17.72, "Longitude": 25.11, "Locality": "Kalala", "Epi_Unit_Type": "Village", "Admin_Division_1": "Zambezi", "Admin_Division_2": null, "Admin_Division_3": null, "Affected_Population_Description": null, "Species_Name": "Cattle", "Is_Wild": false, "Susceptible": 76, "Cases": 2, "Deaths": false, "Killed": false, "Slaughtered": false, "Vaccinated": null, "outbreakYear": 2019 }, "geometry": { "type": "Point", "coordinates": [ 25.11, -17.72 ] } },
{ "type": "Feature", "properties": { "Event_ID": 2996, "OIE_Reference": "EVT-2996", "Country": "Namibia", "Country_ISO": "NAM", "Disease": "Foot and mouth disease virus (Inf. with) ", "Disease_ID": 437, "Subtype": null, "Causal_Agent": "Foot and mouth disease virus", "Event_Status": "Resolved", "Event_Start_Date": "2019-08-08", "Event_End_Date": "2020-02-12", "Confirmation_Date": "2019-08-12", "Report_ID": 17488, "Report_Date": "2020-04-27", "Outbreak_ID": 68658, "Outbreak_Start_Date": "2019-12-13", "Outbreak_End_Date": "2020-02-12", "Latitude": -17.81688, "Longitude": 24.86324, "Locality": "Silubaba", "Epi_Unit_Type": "Village", "Admin_Division_1": "Zambezi", "Admin_Division_2": null, "Admin_Division_3": null, "Affected_Population_Description": null, "Species_Name": "Cattle", "Is_Wild": false, "Susceptible": 227, "Cases": 8, "Deaths": false, "Killed": false, "Slaughtered": false, "Vaccinated": null, "outbreakYear": 2019 }, "geometry": { "type": "Point", "coordinates": [ 24.86324, -17.81688 ] } },
{ "type": "Feature", "properties": { "Event_ID": 2996, "OIE_Reference": "EVT-2996", "Country": "Namibia", "Country_ISO": "NAM", "Disease": "Foot and mouth disease virus (Inf. with) ", "Disease_ID": 437, "Subtype": null, "Causal_Agent": "Foot and mouth disease virus", "Event_Status": "Resolved", "Event_Start_Date": "2019-08-08", "Event_End_Date": "2020-02-12", "Confirmation_Date": "2019-08-12", "Report_ID": 17488, "Report_Date": "2020-04-27", "Outbreak_ID": 67868, "Outbreak_Start_Date": "2019-10-21", "Outbreak_End_Date": "2020-02-12", "Latitude": -17.76, "Longitude": 25.06, "Locality": "Sigwe Crushpen", "Epi_Unit_Type": "Village", "Admin_Division_1": "Zambezi", "Admin_Division_2": null, "Admin_Division_3": null, "Affected_Population_Description": null, "Species_Name": "Cattle", "Is_Wild": false, "Susceptible": null, "Cases": 21, "Deaths": false, "Killed": false, "Slaughtered": false, "Vaccinated": null, "outbreakYear": 2019 }, "geometry": { "type": "Point", "coordinates": [ 25.06, -17.76 ] } },
{ "type": "Feature", "properties": { "Event_ID": 2996, "OIE_Reference": "EVT-2996", "Country": "Namibia", "Country_ISO": "NAM", "Disease": "Foot and mouth disease virus (Inf. with) ", "Disease_ID": 437, "Subtype": null, "Causal_Agent": "Foot and mouth disease virus", "Event_Status": "Resolved", "Event_Start_Date": "2019-08-08", "Event_End_Date": "2020-02-12", "Confirmation_Date": "2019-08-12", "Report_ID": 17488, "Report_Date": "2020-04-27", "Outbreak_ID": 67867, "Outbreak_Start_Date": "2019-11-08", "Outbreak_End_Date": "2020-02-12", "Latitude": -17.6, "Longitude": 24.44, "Locality": "Muzii Crush-pen", "Epi_Unit_Type": "Village", "Admin_Division_1": "Zambezi", "Admin_Division_2": null, "Admin_Division_3": null, "Affected_Population_Description": null, "Species_Name": "Cattle", "Is_Wild": false, "Susceptible": 95, "Cases": 30, "Deaths": false, "Killed": false, "Slaughtered": false, "Vaccinated": null, "outbreakYear": 2019 }, "geometry": { "type": "Point", "coordinates": [ 24.44, -17.6 ] } },
{ "type": "Feature", "properties": { "Event_ID": 2996, "OIE_Reference": "EVT-2996", "Country": "Namibia", "Country_ISO": "NAM", "Disease": "Foot and mouth disease virus (Inf. with) ", "Disease_ID": 437, "Subtype": null, "Causal_Agent": "Foot and mouth disease virus", "Event_Status": "Resolved", "Event_Start_Date": "2019-08-08", "Event_End_Date": "2020-02-12", "Confirmation_Date": "2019-08-12", "Report_ID": 17488, "Report_Date": "2020-04-27", "Outbreak_ID": 67866, "Outbreak_Start_Date": "2019-11-07", "Outbreak_End_Date": "2020-02-12", "Latitude": -17.69, "Longitude": 24.94, "Locality": "Itomba Crush-pen", "Epi_Unit_Type": "Village", "Admin_Division_1": "Zambezi", "Admin_Division_2": null, "Admin_Division_3": null, "Affected_Population_Description": null, "Species_Name": "Cattle", "Is_Wild": false, "Susceptible": 34, "Cases": 1, "Deaths": false, "Killed": false, "Slaughtered": false, "Vaccinated": null, "outbreakYear": 2019 }, "geometry": { "type": "Point", "coordinates": [ 24.94, -17.69 ] } },
{ "type": "Feature", "properties": { "Event_ID": 2996, "OIE_Reference": "EVT-2996", "Country": "Namibia", "Country_ISO": "NAM", "Disease": "Foot and mouth disease virus (Inf. with) ", "Disease_ID": 437, "Subtype": null, "Causal_Agent": "Foot and mouth disease virus", "Event_Status": "Resolved", "Event_Start_Date": "2019-08-08", "Event_End_Date": "2020-02-12", "Confirmation_Date": "2019-08-12", "Report_ID": 17488, "Report_Date": "2020-04-27", "Outbreak_ID": 65811, "Outbreak_Start_Date": "2019-08-17", "Outbreak_End_Date": "2020-02-12", "Latitude": -17.76, "Longitude": 25.06, "Locality": "Sigwe Crushpen", "Epi_Unit_Type": "Village", "Admin_Division_1": "Zambezi", "Admin_Division_2": null, "Admin_Division_3": null, "Affected_Population_Description": null, "Species_Name": "Cattle", "Is_Wild": false, "Susceptible": null, "Cases": 272, "Deaths": false, "Killed": false, "Slaughtered": false, "Vaccinated": null, "outbreakYear": 2019 }, "geometry": { "type": "Point", "coordinates": [ 25.06, -17.76 ] } },
{ "type": "Feature", "properties": { "Event_ID": 2996, "OIE_Reference": "EVT-2996", "Country": "Namibia", "Country_ISO": "NAM", "Disease": "Foot and mouth disease virus (Inf. with) ", "Disease_ID": 437, "Subtype": null, "Causal_Agent": "Foot and mouth disease virus", "Event_Status": "Resolved", "Event_Start_Date": "2019-08-08", "Event_End_Date": "2020-02-12", "Confirmation_Date": "2019-08-12", "Report_ID": 17488, "Report_Date": "2020-04-27", "Outbreak_ID": 65194, "Outbreak_Start_Date": "2019-08-08", "Outbreak_End_Date": "2020-02-12", "Latitude": -17.76, "Longitude": 25.02, "Locality": "Sigwe Crushpen", "Epi_Unit_Type": "Village", "Admin_Division_1": "Zambezi", "Admin_Division_2": null, "Admin_Division_3": null, "Affected_Population_Description": "From a subpopulation of 106 cattle about 51 cattle from two different kraals at Sigwe crush-pen (Sigwe village) showed clinical signs of blisters and ulcers on dental pads and interdigital space. The total population of cattle at Sigwe crush-pen is 700.", "Species_Name": "Cattle", "Is_Wild": false, "Susceptible": 700, "Cases": 51, "Deaths": false, "Killed": false, "Slaughtered": false, "Vaccinated": null, "outbreakYear": 2019 }, "geometry": { "type": "Point", "coordinates": [ 25.02, -17.76 ] } },
{ "type": "Feature", "properties": { "Event_ID": 3320, "OIE_Reference": "EVT-3320", "Country": "Namibia", "Country_ISO": "NAM", "Disease": "Foot and mouth disease virus (Inf. with) ", "Disease_ID": 437, "Subtype": null, "Causal_Agent": "Foot and mouth disease virus", "Event_Status": "Resolved", "Event_Start_Date": "2020-09-25", "Event_End_Date": "2021-04-22", "Confirmation_Date": "2020-09-28", "Report_ID": 150205, "Report_Date": "2021-06-07", "Outbreak_ID": 77101, "Outbreak_Start_Date": "2020-09-25", "Outbreak_End_Date": "2021-04-22", "Latitude": -18.03, "Longitude": 20.7, "Locality": "Hoha Crush-pen", "Epi_Unit_Type": "Village", "Admin_Division_1": "Kavango", "Admin_Division_2": "Ndiyona", "Admin_Division_3": "Mashare", "Affected_Population_Description": null, "Species_Name": "Cattle", "Is_Wild": false, "Susceptible": 657, "Cases": 13, "Deaths": false, "Killed": false, "Slaughtered": false, "Vaccinated": null, "outbreakYear": 2020 }, "geometry": { "type": "Point", "coordinates": [ 20.7, -18.03 ] } },
{ "type": "Feature", "properties": { "Event_ID": 3320, "OIE_Reference": "EVT-3320", "Country": "Namibia", "Country_ISO": "NAM", "Disease": "Foot and mouth disease virus (Inf. with) ", "Disease_ID": 437, "Subtype": null, "Causal_Agent": "Foot and mouth disease virus", "Event_Status": "Resolved", "Event_Start_Date": "2020-09-25", "Event_End_Date": "2021-04-22", "Confirmation_Date": "2020-09-28", "Report_ID": 150205, "Report_Date": "2021-06-07", "Outbreak_ID": 77711, "Outbreak_Start_Date": "2020-10-23", "Outbreak_End_Date": "2021-04-22", "Latitude": -18.06, "Longitude": 20.81, "Locality": "Katere", "Epi_Unit_Type": "Village", "Admin_Division_1": "Kavango", "Admin_Division_2": "Ndiyona", "Admin_Division_3": "Mashare", "Affected_Population_Description": null, "Species_Name": "Cattle", "Is_Wild": false, "Susceptible": 43, "Cases": 2, "Deaths": false, "Killed": false, "Slaughtered": false, "Vaccinated": null, "outbreakYear": 2020 }, "geometry": { "type": "Point", "coordinates": [ 20.81, -18.06 ] } },
{ "type": "Feature", "properties": { "Event_ID": 3320, "OIE_Reference": "EVT-3320", "Country": "Namibia", "Country_ISO": "NAM", "Disease": "Foot and mouth disease virus (Inf. with) ", "Disease_ID": 437, "Subtype": null, "Causal_Agent": "Foot and mouth disease virus", "Event_Status": "Resolved", "Event_Start_Date": "2020-09-25", "Event_End_Date": "2021-04-22", "Confirmation_Date": "2020-09-28", "Report_ID": 150205, "Report_Date": "2021-06-07", "Outbreak_ID": 77712, "Outbreak_Start_Date": "2020-10-27", "Outbreak_End_Date": "2021-04-22", "Latitude": -17.95, "Longitude": 19.25, "Locality": "Sivara", "Epi_Unit_Type": "Village", "Admin_Division_1": "Kavango", "Admin_Division_2": "Kahenge", "Admin_Division_3": "Mashare", "Affected_Population_Description": null, "Species_Name": "Cattle", "Is_Wild": false, "Susceptible": 31, "Cases": 12, "Deaths": false, "Killed": false, "Slaughtered": false, "Vaccinated": null, "outbreakYear": 2020 }, "geometry": { "type": "Point", "coordinates": [ 19.25, -17.95 ] } },
{ "type": "Feature", "properties": { "Event_ID": 3320, "OIE_Reference": "EVT-3320", "Country": "Namibia", "Country_ISO": "NAM", "Disease": "Foot and mouth disease virus (Inf. with) ", "Disease_ID": 437, "Subtype": null, "Causal_Agent": "Foot and mouth disease virus", "Event_Status": "Resolved", "Event_Start_Date": "2020-09-25", "Event_End_Date": "2021-04-22", "Confirmation_Date": "2020-09-28", "Report_ID": 150205, "Report_Date": "2021-06-07", "Outbreak_ID": 77713, "Outbreak_Start_Date": "2020-10-23", "Outbreak_End_Date": "2021-04-22", "Latitude": -17.9, "Longitude": 20.23, "Locality": "Shighuru", "Epi_Unit_Type": "Village", "Admin_Division_1": "Kavango", "Admin_Division_2": "Mashare", "Admin_Division_3": "Mashare", "Affected_Population_Description": null, "Species_Name": "Cattle", "Is_Wild": false, "Susceptible": null, "Cases": 2, "Deaths": false, "Killed": false, "Slaughtered": false, "Vaccinated": null, "outbreakYear": 2020 }, "geometry": { "type": "Point", "coordinates": [ 20.23, -17.9 ] } },
{ "type": "Feature", "properties": { "Event_ID": 3320, "OIE_Reference": "EVT-3320", "Country": "Namibia", "Country_ISO": "NAM", "Disease": "Foot and mouth disease virus (Inf. with) ", "Disease_ID": 437, "Subtype": null, "Causal_Agent": "Foot and mouth disease virus", "Event_Status": "Resolved", "Event_Start_Date": "2020-09-25", "Event_End_Date": "2021-04-22", "Confirmation_Date": "2020-09-28", "Report_ID": 150205, "Report_Date": "2021-06-07", "Outbreak_ID": 80094, "Outbreak_Start_Date": "2020-12-28", "Outbreak_End_Date": "2021-04-22", "Latitude": -17.94604, "Longitude": 16.03928, "Locality": "Onamulunga", "Epi_Unit_Type": "Village", "Admin_Division_1": "Oshikoto", "Admin_Division_2": "Olukonda", "Admin_Division_3": "Mashare", "Affected_Population_Description": null, "Species_Name": "Cattle", "Is_Wild": false, "Susceptible": 400, "Cases": 2, "Deaths": false, "Killed": false, "Slaughtered": false, "Vaccinated": null, "outbreakYear": 2020 }, "geometry": { "type": "Point", "coordinates": [ 16.03928, -17.94604 ] } },
{ "type": "Feature", "properties": { "Event_ID": 3320, "OIE_Reference": "EVT-3320", "Country": "Namibia", "Country_ISO": "NAM", "Disease": "Foot and mouth disease virus (Inf. with) ", "Disease_ID": 437, "Subtype": null, "Causal_Agent": "Foot and mouth disease virus", "Event_Status": "Resolved", "Event_Start_Date": "2020-09-25", "Event_End_Date": "2021-04-22", "Confirmation_Date": "2020-09-28", "Report_ID": 150205, "Report_Date": "2021-06-07", "Outbreak_ID": 80096, "Outbreak_Start_Date": "2020-12-27", "Outbreak_End_Date": "2021-04-22", "Latitude": -17.40721, "Longitude": 17.29423, "Locality": "Ombambi", "Epi_Unit_Type": "Village", "Admin_Division_1": "Ohangwena", "Admin_Division_2": "Okongo", "Admin_Division_3": "Mashare", "Affected_Population_Description": null, "Species_Name": "Cattle", "Is_Wild": false, "Susceptible": 36, "Cases": 3, "Deaths": false, "Killed": false, "Slaughtered": false, "Vaccinated": null, "outbreakYear": 2020 }, "geometry": { "type": "Point", "coordinates": [ 17.29423, -17.40721 ] } },
{ "type": "Feature", "properties": { "Event_ID": 3320, "OIE_Reference": "EVT-3320", "Country": "Namibia", "Country_ISO": "NAM", "Disease": "Foot and mouth disease virus (Inf. with) ", "Disease_ID": 437, "Subtype": null, "Causal_Agent": "Foot and mouth disease virus", "Event_Status": "Resolved", "Event_Start_Date": "2020-09-25", "Event_End_Date": "2021-04-22", "Confirmation_Date": "2020-09-28", "Report_ID": 150205, "Report_Date": "2021-06-07", "Outbreak_ID": 80097, "Outbreak_Start_Date": "2020-11-12", "Outbreak_End_Date": "2021-04-22", "Latitude": -17.94, "Longitude": 19.18, "Locality": "Kapako", "Epi_Unit_Type": "Village", "Admin_Division_1": "Kavango", "Admin_Division_2": "Kahenge", "Admin_Division_3": "Mashare", "Affected_Population_Description": null, "Species_Name": "Cattle", "Is_Wild": false, "Susceptible": 2750, "Cases": 53, "Deaths": false, "Killed": false, "Slaughtered": false, "Vaccinated": null, "outbreakYear": 2020 }, "geometry": { "type": "Point", "coordinates": [ 19.18, -17.94 ] } },
{ "type": "Feature", "properties": { "Event_ID": 3320, "OIE_Reference": "EVT-3320", "Country": "Namibia", "Country_ISO": "NAM", "Disease": "Foot and mouth disease virus (Inf. with) ", "Disease_ID": 437, "Subtype": null, "Causal_Agent": "Foot and mouth disease virus", "Event_Status": "Resolved", "Event_Start_Date": "2020-09-25", "Event_End_Date": "2021-04-22", "Confirmation_Date": "2020-09-28", "Report_ID": 150205, "Report_Date": "2021-06-07", "Outbreak_ID": 80098, "Outbreak_Start_Date": "2020-11-20", "Outbreak_End_Date": "2021-04-22", "Latitude": -17.519033, "Longitude": 18.501148, "Locality": "Musese", "Epi_Unit_Type": "Village", "Admin_Division_1": "Kavango", "Admin_Division_2": "Mpungu", "Admin_Division_3": "Mashare", "Affected_Population_Description": null, "Species_Name": "Cattle", "Is_Wild": false, "Susceptible": 1248, "Cases": 38, "Deaths": false, "Killed": false, "Slaughtered": false, "Vaccinated": null, "outbreakYear": 2020 }, "geometry": { "type": "Point", "coordinates": [ 18.501148, -17.519033 ] } },
{ "type": "Feature", "properties": { "Event_ID": 3320, "OIE_Reference": "EVT-3320", "Country": "Namibia", "Country_ISO": "NAM", "Disease": "Foot and mouth disease virus (Inf. with) ", "Disease_ID": 437, "Subtype": null, "Causal_Agent": "Foot and mouth disease virus", "Event_Status": "Resolved", "Event_Start_Date": "2020-09-25", "Event_End_Date": "2021-04-22", "Confirmation_Date": "2020-09-28", "Report_ID": 150205, "Report_Date": "2021-06-07", "Outbreak_ID": 80099, "Outbreak_Start_Date": "2020-12-08", "Outbreak_End_Date": "2021-04-22", "Latitude": -17.46293, "Longitude": 18.27342, "Locality": "Kakuwa", "Epi_Unit_Type": "Village", "Admin_Division_1": "Kavango", "Admin_Division_2": "Mpungu", "Admin_Division_3": "Mashare", "Affected_Population_Description": null, "Species_Name": "Cattle", "Is_Wild": false, "Susceptible": 350, "Cases": 6, "Deaths": false, "Killed": false, "Slaughtered": false, "Vaccinated": null, "outbreakYear": 2020 }, "geometry": { "type": "Point", "coordinates": [ 18.27342, -17.46293 ] } },
{ "type": "Feature", "properties": { "Event_ID": 3320, "OIE_Reference": "EVT-3320", "Country": "Namibia", "Country_ISO": "NAM", "Disease": "Foot and mouth disease virus (Inf. with) ", "Disease_ID": 437, "Subtype": null, "Causal_Agent": "Foot and mouth disease virus", "Event_Status": "Resolved", "Event_Start_Date": "2020-09-25", "Event_End_Date": "2021-04-22", "Confirmation_Date": "2020-09-28", "Report_ID": 150205, "Report_Date": "2021-06-07", "Outbreak_ID": 80741, "Outbreak_Start_Date": "2021-01-06", "Outbreak_End_Date": "2021-04-22", "Latitude": -18.3025093, "Longitude": 15.94616317, "Locality": "Okadhiya", "Epi_Unit_Type": "Village", "Admin_Division_1": "Oshana", "Admin_Division_2": "Okatyali", "Admin_Division_3": "Mashare", "Affected_Population_Description": null, "Species_Name": "Cattle", "Is_Wild": false, "Susceptible": 52, "Cases": 2, "Deaths": false, "Killed": false, "Slaughtered": false, "Vaccinated": null, "outbreakYear": 2020 }, "geometry": { "type": "Point", "coordinates": [ 15.94616317, -18.3025093 ] } },
{ "type": "Feature", "properties": { "Event_ID": 3752, "OIE_Reference": "EVT-3752", "Country": "Namibia", "Country_ISO": "NAM", "Disease": "Foot and mouth disease virus (Inf. with) ", "Disease_ID": 437, "Subtype": null, "Causal_Agent": "Foot and mouth disease virus", "Event_Status": "Resolved", "Event_Start_Date": "2021-06-01", "Event_End_Date": "2022-02-14", "Confirmation_Date": "2021-06-03", "Report_ID": 154219, "Report_Date": "2022-02-22", "Outbreak_ID": 92922, "Outbreak_Start_Date": "2021-11-04", "Outbreak_End_Date": "2022-02-22", "Latitude": -17.76, "Longitude": 24.68, "Locality": "Lusese", "Epi_Unit_Type": "Village", "Admin_Division_1": "Zambezi", "Admin_Division_2": "Kabe", "Admin_Division_3": "Katima Muliro Rural", "Affected_Population_Description": "Two out of the 58 cattle showed clinical signs of FMD and only one animal was sampled and sent to the laboratory.", "Species_Name": "Cattle", "Is_Wild": false, "Susceptible": 58, "Cases": 2, "Deaths": false, "Killed": false, "Slaughtered": false, "Vaccinated": null, "outbreakYear": 2021 }, "geometry": { "type": "Point", "coordinates": [ 24.68, -17.76 ] } },
{ "type": "Feature", "properties": { "Event_ID": 3752, "OIE_Reference": "EVT-3752", "Country": "Namibia", "Country_ISO": "NAM", "Disease": "Foot and mouth disease virus (Inf. with) ", "Disease_ID": 437, "Subtype": null, "Causal_Agent": "Foot and mouth disease virus", "Event_Status": "Resolved", "Event_Start_Date": "2021-06-01", "Event_End_Date": "2022-02-14", "Confirmation_Date": "2021-06-03", "Report_ID": 154219, "Report_Date": "2022-02-22", "Outbreak_ID": 91076, "Outbreak_Start_Date": "2021-08-16", "Outbreak_End_Date": "2022-02-22", "Latitude": -17.56, "Longitude": 24.56, "Locality": "Kalimbeza", "Epi_Unit_Type": "Village", "Admin_Division_1": "Zambezi", "Admin_Division_2": "Kabe", "Admin_Division_3": "Katima Muliro Rural", "Affected_Population_Description": null, "Species_Name": "Cattle", "Is_Wild": false, "Susceptible": 67, "Cases": 4, "Deaths": null, "Killed": false, "Slaughtered": false, "Vaccinated": null, "outbreakYear": 2021 }, "geometry": { "type": "Point", "coordinates": [ 24.56, -17.56 ] } },
{ "type": "Feature", "properties": { "Event_ID": 3752, "OIE_Reference": "EVT-3752", "Country": "Namibia", "Country_ISO": "NAM", "Disease": "Foot and mouth disease virus (Inf. with) ", "Disease_ID": 437, "Subtype": null, "Causal_Agent": "Foot and mouth disease virus", "Event_Status": "Resolved", "Event_Start_Date": "2021-06-01", "Event_End_Date": "2022-02-14", "Confirmation_Date": "2021-06-03", "Report_ID": 154219, "Report_Date": "2022-02-22", "Outbreak_ID": 88407, "Outbreak_Start_Date": "2021-07-13", "Outbreak_End_Date": "2022-02-22", "Latitude": -17.5, "Longitude": 24.26667, "Locality": "Nfooma", "Epi_Unit_Type": "Village", "Admin_Division_1": "Zambezi", "Admin_Division_2": "Katima Muliro Urban", "Admin_Division_3": "Katima Muliro Rural", "Affected_Population_Description": "A total of 70 out of 87 cattle at a crush-pen with clinical signs of FMD (salivation, limping, sores on interdigital space and coronet, ulceration of the tongue, inappetence and emaciation).", "Species_Name": "Cattle", "Is_Wild": false, "Susceptible": 87, "Cases": 70, "Deaths": false, "Killed": false, "Slaughtered": false, "Vaccinated": null, "outbreakYear": 2021 }, "geometry": { "type": "Point", "coordinates": [ 24.26667, -17.5 ] } },
{ "type": "Feature", "properties": { "Event_ID": 3752, "OIE_Reference": "EVT-3752", "Country": "Namibia", "Country_ISO": "NAM", "Disease": "Foot and mouth disease virus (Inf. with) ", "Disease_ID": 437, "Subtype": null, "Causal_Agent": "Foot and mouth disease virus", "Event_Status": "Resolved", "Event_Start_Date": "2021-06-01", "Event_End_Date": "2022-02-14", "Confirmation_Date": "2021-06-03", "Report_ID": 154219, "Report_Date": "2022-02-22", "Outbreak_ID": 87152, "Outbreak_Start_Date": "2021-06-01", "Outbreak_End_Date": "2022-02-22", "Latitude": -17.7816, "Longitude": 24.3347, "Locality": "Kasuno crush-pen", "Epi_Unit_Type": "Village", "Admin_Division_1": "Zambezi", "Admin_Division_2": "Katima Muliro Rural", "Admin_Division_3": "Katima Muliro Rural", "Affected_Population_Description": "Animals  at Kasuno village showing apparent clinical signs of foot and mouth disease such as excessive salivation, blisters in the mouth and hooves, lameness and frothing of the mouth.", "Species_Name": "Cattle", "Is_Wild": false, "Susceptible": 144, "Cases": 100, "Deaths": false, "Killed": false, "Slaughtered": false, "Vaccinated": null, "outbreakYear": 2021 }, "geometry": { "type": "Point", "coordinates": [ 24.3347, -17.7816 ] } },
{ "type": "Feature", "properties": { "Event_ID": 4650, "OIE_Reference": "EVT-4650", "Country": "Namibia", "Country_ISO": "NAM", "Disease": "Foot and mouth disease virus (Inf. with) ", "Disease_ID": 437, "Subtype": null, "Causal_Agent": "Foot and mouth disease virus", "Event_Status": "Resolved", "Event_Start_Date": "2022-10-14", "Event_End_Date": "2023-03-01", "Confirmation_Date": "2022-10-14", "Report_ID": 160487, "Report_Date": "2023-04-18", "Outbreak_ID": 107678, "Outbreak_Start_Date": "2022-10-14", "Outbreak_End_Date": "2023-03-01", "Latitude": -17.81, "Longitude": 24.94, "Locality": "Kabulabula", "Epi_Unit_Type": "Village", "Admin_Division_1": "Zambezi", "Admin_Division_2": "Kabe", "Admin_Division_3": null, "Affected_Population_Description": null, "Species_Name": "Cattle", "Is_Wild": false, "Susceptible": 230, "Cases": 14, "Deaths": false, "Killed": false, "Slaughtered": false, "Vaccinated": null, "outbreakYear": 2022 }, "geometry": { "type": "Point", "coordinates": [ 24.94, -17.81 ] } },
{ "type": "Feature", "properties": { "Event_ID": 4650, "OIE_Reference": "EVT-4650", "Country": "Namibia", "Country_ISO": "NAM", "Disease": "Foot and mouth disease virus (Inf. with) ", "Disease_ID": 437, "Subtype": null, "Causal_Agent": "Foot and mouth disease virus", "Event_Status": "Resolved", "Event_Start_Date": "2022-10-14", "Event_End_Date": "2023-03-01", "Confirmation_Date": "2022-10-14", "Report_ID": 160487, "Report_Date": "2023-04-18", "Outbreak_ID": 108829, "Outbreak_Start_Date": "2022-10-21", "Outbreak_End_Date": "2023-03-01", "Latitude": -17.8, "Longitude": 24.93, "Locality": "Kasika", "Epi_Unit_Type": "Village", "Admin_Division_1": "Zambezi", "Admin_Division_2": "Kabe", "Admin_Division_3": null, "Affected_Population_Description": "A targeted population of about 28 000 cattle was vaccinated against FMD since the start of the outbreak and a 91.4% coverage was achieved up to date. Continuous surveillance as well as public awareness being done.\n", "Species_Name": "Cattle", "Is_Wild": false, "Susceptible": 48, "Cases": 1, "Deaths": false, "Killed": false, "Slaughtered": false, "Vaccinated": null, "outbreakYear": 2022 }, "geometry": { "type": "Point", "coordinates": [ 24.93, -17.8 ] } }
]
}
